source,target,source_year
W2123068886,W2005342579,2001
W2123068886,W2107666439,2001
W2123068886,W1529675392,2001
W2123068886,W2002569088,2001
W2123068886,W1974104848,2001
W2123068886,W2016209258,2001
W2123068886,W3146575037,2001
W2123068886,W30688295,2001
W2123068886,W1999468279,2001
W2123068886,W1999957879,2001
W2123068886,W2051879883,2001
W2123068886,W2491091343,2001
W2123068886,W3149175271,2001
W2123068886,W2135392761,2001
W2123068886,W2107920575,2001
W2123068886,W2073470731,2001
W2123068886,W1990005524,2001
W2123068886,W2164864267,2001
W2123068886,W2089200950,2001
W2123068886,W2166146879,2001
W2123068886,W2027177516,2001
W2123068886,W2229412420,2001
W2161070121,W1964673636,2001
W2161070121,W2085435394,2001
W2161070121,W35396204,2001
W2161070121,W1978226270,2001
W2161070121,W2124174101,2001
W2161070121,W1970270836,2001
W2161070121,W2034966370,2001
W2161070121,W2113841613,2001
W2161070121,W2140564800,2001
W2161070121,W2146610445,2001
W4248668455,W2229412420,2001
W4248668455,W4245901107,2001
W4248668455,W6678325027,2001
W4248668455,W6683744482,2001
W4248668455,W1998594918,2001
W4248668455,W2100196192,2001
W4248668455,W2049849119,2001
W4248668455,W2133229881,2001
W4248668455,W2111860840,2001
W4248668455,W2171642338,2001
W4248668455,W4247939848,2001
W4248668455,W1975285565,2001
W4248668455,W2158037930,2001
W4248668455,W6604394371,2001
W4248668455,W2155166664,2001
W4248668455,W2237767100,2001
W4248668455,W1980670965,2001
W4248668455,W2148035507,2001
W4248668455,W2114341043,2001
W4248668455,W2113634802,2001
W4248668455,W4230044098,2001
W4248668455,W2147477841,2001
W4248668455,W2161385148,2001
W4248668455,W108059866,2001
W4248668455,W2123445511,2001
W2539415427,W2539955899,2001
W2539415427,W2030511969,2001
W2539415427,W2099259262,2001
W2539415427,W2235901111,2001
W2539415427,W3139588915,2001
W2539415427,W2155328339,2001
W2539415427,W1972923021,2001
W2539415427,W2164191390,2001
W2539415427,W2137783639,2001
W2539415427,W1561797603,2001
W2539415427,W2144083240,2001
W2539415427,W2158994814,2001
W2539415427,W1600795850,2001
W2539415427,W2027195462,2001
W2539415427,W2080193026,2001
W2539415427,W3149522800,2001
W2539415427,W3146052257,2001
W2539415427,W2129585587,2001
W2539415427,W1572014314,2001
W2539415427,W3140955151,2001
W2539415427,W2121535648,2001
W2539415427,W2052749348,2001
W2539415427,W2100184281,2001
W2539415427,W2101831806,2001
W2539415427,W3147790798,2001
W2539415427,W2978236779,2001
W2539415427,W2058566003,2001
W2539415427,W3144437408,2001
W2539415427,W1558930774,2001
W2539415427,W2293644818,2001
W2539415427,W1986049249,2001
W2539415427,W2114844286,2001
W2539415427,W2752853835,2001
W2539415427,W148241340,2001
W2539415427,W2120645069,2001
W4237318250,W1989480677,2001
W4237318250,W2049909233,2001
W4237318250,W2104763670,2001
W4237318250,W1986049249,2001
W4237318250,W2113905985,2001
W4237318250,W2065391104,2001
W4237318250,W2124335859,2001
W4237318250,W6606002606,2001
W4237318250,W2000214666,2001
W4237318250,W2134929491,2001
W4237318250,W6631720675,2001
W4237318250,W6634762012,2001
W4237318250,W2146842127,2001
W4237318250,W3148091194,2001
W4237318250,W6601862504,2001
W4237318250,W2109812093,2001
W4237318250,W6634085895,2001
W4237318250,W2107790757,2001
W4237318250,W2079017595,2001
W4237318250,W6674704741,2001
W4237318250,W2022408614,2001
W4237318250,W6677760137,2001
W4237318250,W45374770,2001
W4237318250,W2119938170,2001
W4237318250,W148959497,2001
W4237318250,W1578998830,2001
W4237318250,W1530781020,2001
W4237318250,W1627054999,2001
W4237318250,W1571571335,2001
W4237318250,W2098821691,2001
W2127798199,W2129302988,2001
W2127798199,W2162057502,2001
W2127798199,W1977106683,2001
W2127798199,W2125944019,2001
W2127798199,W2125638038,2001
W2127798199,W3141390699,2001
W2127798199,W2095105262,2001
W2127798199,W3148005789,2001
W2127798199,W2171163714,2001
W2127798199,W2151404804,2001
W2127798199,W2059617887,2001
W2127798199,W2742233052,2001
W2127798199,W3141151088,2001
W2127798199,W2103889895,2001
W3149528450,W2036903768,2001
W3149528450,W6607103529,2001
W3149528450,W4253361434,2001
W3149528450,W176358699,2001
W3145994861,W2004790297,2001
W3145994861,W2999068457,2001
W3145994861,W1971071758,2001
W3145994861,W4244965952,2001
W3145994861,W3149422877,2001
W3145994861,W2042104882,2001
W3145994861,W6631963404,2001
W3145994861,W4237648096,2001
W3145994861,W3145706096,2001
W3145994861,W2049214433,2001
W3145994861,W4243974146,2001
W3145994861,W2100087065,2001
W3145994861,W2592975546,2001
W3145994861,W2126521141,2001
W3145994861,W3149585701,2001
W3145994861,W4246198637,2001
W3145994861,W3139588915,2001
W3145994861,W2295355433,2001
W3145994861,W2166125750,2001
W3145994861,W2055301793,2001
W3145994861,W3151445111,2001
W3145994861,W2070571659,2001
W3145994861,W2138867322,2001
W3145994861,W2091665017,2001
W3145994861,W2172280673,2001
W3145994861,W2229412420,2001
W3145994861,W1978492139,2001
W3145994861,W6676410535,2001
W3145994861,W2164881457,2001
W3145994861,W3143514300,2001
W3145994861,W1999468279,2001
W3145994861,W1964011539,2001
W3145994861,W3163113245,2001
W3145994861,W1532701078,2001
W3144047545,W2229412420,2001
W3144047545,W2043896016,2001
W3144047545,W3149175271,2001
W3144047545,W3144226019,2001
W3144047545,W4385484117,2001
W3144047545,W104875870,2001
W3144047545,W2023846932,2001
W3144047545,W4238341951,2001
W3144047545,W2057167208,2001
W3144047545,W2142900310,2001
W3144047545,W2076952659,2001
W3144047545,W2047167129,2001
W3144047545,W2403235488,2001
W2109538757,W1963715532,2001
W2109538757,W2235901111,2001
W2109538757,W2149465539,2001
W2109538757,W2294985758,2001
W2109538757,W2052789583,2001
W2109538757,W2158037930,2001
W2109538757,W2235136907,2001
W2109538757,W2082910293,2001
W2109538757,W2164716550,2001
W2109538757,W1989590628,2001
W2109538757,W1554658092,2001
W2109538757,W2063366997,2001
W2109538757,W3150574965,2001
W2109538757,W2036558422,2001
W2109538757,W1761521274,2001
W2109538757,W1979999026,2001
W2109538757,W2168208653,2001
W2109538757,W2155412438,2001
W2109538757,W2009256901,2001
W2109538757,W2113634802,2001
W2109538757,W2102580565,2001
W2109538757,W2168078737,2001
W2109538757,W1482882448,2001
W2109538757,W1498501488,2001
W2109538757,W1506013575,2001
W2109538757,W2166314747,2001
W2109538757,W2157500953,2001
W2109538757,W3144267843,2001
W3140097997,W2168238830,2001
W3140097997,W3147583786,2001
W3140097997,W4241372049,2001
W3140097997,W2083719959,2001
W3140097997,W3141742114,2001
W3140097997,W2235901111,2001
W3140097997,W2121932969,2001
W3140097997,W3150574965,2001
W3140097997,W2293404936,2001
W3140097997,W2070887783,2001
W3140097997,W2067497403,2001
W3140097997,W4238709075,2001
W3148126172,W2093513099,2001
W3148126172,W2018614448,2001
W3148126172,W2067166017,2001
W3148126172,W4229974074,2001
W3148126172,W2148898016,2001
W3148126172,W2071516467,2001
W3148126172,W1971379021,2001
W3148126172,W6633468657,2001
W3148126172,W2009139756,2001
W3148126172,W2109862258,2001
W3148126172,W6632680358,2001
W3148126172,W1560892771,2001
W3148126172,W1544926996,2001
W3148126172,W1529624406,2001
W3148126172,W3141802282,2001
W3148126172,W1544652005,2001
W4248724511,W2029428843,2001
W4248724511,W2113403117,2001
W4248724511,W1546896179,2001
W4248724511,W4253086900,2001
W4248724511,W2130479394,2001
W4248724511,W1990274705,2001
W3146491315,W2011921078,2001
W3146491315,W1988952733,2001
W3146491315,W2103352588,2001
W3146491315,W6600091429,2001
W3146491315,W2030807662,2001
W3146491315,W3146319901,2001
W3146491315,W1598149995,2001
W3146491315,W2455099,2001
W3146491315,W4240670390,2001
W2145548519,W1576757442,2001
W2145548519,W1809566560,2001
W2145548519,W3148499377,2001
W2145548519,W2798922842,2001
W2145548519,W2113319997,2001
W2145548519,W2157848968,2001
W2145548519,W2019771121,2001
W2145548519,W1784898840,2001
W2145548519,W2229412420,2001
W2145548519,W2790338531,2001
W2145548519,W2108707886,2001
W2145548519,W2119180809,2001
W2139123466,W82742382,2001
W2139123466,W1604713102,2001
W2139123466,W167208447,2001
W2139123466,W1525309469,2001
W2139123466,W152872949,2001
W2139123466,W2000493547,2001
W2139123466,W2154741421,2001
W2139123466,W161404908,2001
W2139123466,W1778093754,2001
W2139123466,W2161955943,2001
W2139123466,W3140348931,2001
W4235415395,W2106250022,2001
W4235415395,W2064482487,2001
W4235415395,W1979466864,2001
W4235415395,W2038581532,2001
W4235415395,W2136463473,2001
W4235415395,W6680027121,2001
W4235415395,W2135103990,2001
W2113022204,W2119664536,2001
W2113022204,W85028940,2001
W2113022204,W2019363419,2001
W2113022204,W1578714019,2001
W2113022204,W1973547696,2001
W2113022204,W2161752583,2001
W2113022204,W2294130413,2001
W2113022204,W1572482832,2001
W2113022204,W2134272728,2001
W2122508669,W2119391846,2001
W2122508669,W2156988816,2001
W2122508669,W1722283283,2001
W2122508669,W2118382442,2001
W2122508669,W2146920018,2001
W2122508669,W2043350773,2001
W2122508669,W23903483,2001
W2122508669,W2051156737,2001
W2122508669,W3163113245,2001
W2122508669,W1973406151,2001
W2122508669,W2110224141,2001
W2122508669,W2121979170,2001
W2122508669,W3160104214,2001
W2122508669,W2169035516,2001
W2122508669,W1978600082,2001
W2122508669,W2277865200,2001
W2122508669,W2082246999,2001
W2122508669,W108154669,2001
W2122508669,W2014567702,2001
W4240234068,W2127068865,2001
W4240234068,W2018014993,2001
W4240234068,W2103352588,2001
W4240234068,W2070026305,2001
W4240234068,W3145819873,2001
W4240234068,W1870211974,2001
W4240234068,W6608803426,2001
W4240234068,W4234244153,2001
W4240234068,W1979059554,2001
W3141546424,W2111734174,2001
W3141546424,W6663574414,2001
W3141546424,W2082246999,2001
W3141546424,W2131047862,2001
W3141546424,W2146736323,2001
W3141546424,W2061828148,2001
W3141546424,W1603089724,2001
W3141546424,W2117717353,2001
W3141546424,W2277865200,2001
W3141546424,W2146920018,2001
W3141546424,W2125039738,2001
W3141546424,W4231515897,2001
W3141546424,W2108381848,2001
W3141546424,W2129307378,2001
W3141546424,W2030767000,2001
W3141546424,W2127307450,2001
W3141546424,W2077585808,2001
W3141546424,W4230946082,2001
W3141546424,W1987934313,2001
W3141546424,W2011734609,2001
W3141546424,W2065811627,2001
W3141546424,W1992100915,2001
W3141546424,W1971071758,2001
W3141546424,W4241442651,2001
W3141546424,W2142499637,2001
W3141546424,W2052116105,2001
W3141546424,W2059029870,2001
W2106528248,W3148341569,2001
W2106528248,W2120645069,2001
W2106528248,W1989001601,2001
W2106528248,W2075010828,2001
W2106528248,W2139497635,2001
W2106528248,W2159249350,2001
W2106528248,W2142636632,2001
W2106528248,W2238788188,2001
W2106528248,W1561797603,2001
W2106528248,W2023661891,2001
W2106528248,W2106226160,2001
W2106528248,W2294238806,2001
W2106528248,W2154725200,2001
W2106528248,W2136838646,2001
W2106528248,W2160484851,2001
W2106528248,W2621280964,2001
W2106528248,W1590549688,2001
W2106528248,W2045648984,2001
W2106528248,W3149928019,2001
W2106528248,W2113634802,2001
W2106528248,W2293644818,2001
W2106528248,W1989480677,2001
W3148237475,W2155942116,2001
W3148237475,W2162106299,2001
W3148237475,W2159619845,2001
W3148237475,W2076705627,2001
W2101160790,W2024379453,2001
W2101160790,W2095926105,2001
W2101160790,W2052047234,2001
W2101160790,W2118794217,2001
W2101160790,W2070078442,2001
W2101160790,W2122018321,2001
W2101160790,W1994069808,2001
W2101160790,W2136149703,2001
W2101160790,W1988619277,2001
W2101160790,W1492535541,2001
W2101160790,W2898305957,2001
W2101160790,W2166497249,2001
W2101160790,W2123815400,2001
W2101160790,W2160061095,2001
W2101160790,W2012446911,2001
W2101160790,W2042288996,2001
W2101160790,W1986887138,2001
W2101160790,W2408487096,2001
W2101160790,W2130011179,2001
W2101160790,W2003315067,2001
W2101160790,W2055424972,2001
W2101160790,W2097467169,2001
W2101160790,W2167172363,2001
W2101160790,W1990329998,2001
W2101160790,W2141620282,2001
W2101160790,W2170703795,2001
W2101160790,W2048253733,2001
W2101160790,W2102746137,2001
W2101160790,W2129163149,2001
W2101160790,W1964305056,2001
W2101160790,W2004532752,2001
W2101160790,W1732723623,2001
W2101160790,W2019200728,2001
W2101160790,W1967888170,2001
W2101160790,W2096853679,2001
W2101160790,W2028253945,2001
W2101160790,W1982524330,2001
W2101160790,W1965190845,2001
W2101160790,W2037840294,2001
W2101160790,W2265414043,2001
W2101160790,W2015895338,2001
W2101160790,W2417852158,2001
W2101160790,W2108219471,2001
W2101160790,W2123387247,2001
W2101160790,W1966655003,2001
W2101160790,W2316371504,2001
W2101160790,W2051594129,2001
W2101160790,W2130779333,2001
W2101160790,W2103846253,2001
W2101160790,W2010087533,2001
W2101160790,W2085181493,2001
W2101160790,W6604401212,2001
W2101160790,W4254279332,2001
W2101160790,W1983490917,2001
W2101160790,W2123247001,2001
W2101160790,W2026749123,2001
W2101160790,W1972941851,2001
W2101160790,W2164765688,2001
W2101160790,W1966847008,2001
W2101160790,W1518897246,2001
W2101160790,W2962996753,2001
W2101160790,W2009435671,2001
W2101160790,W589126380,2001
W2101160790,W107067735,2001
W2131621291,W2073470731,2001
W2131621291,W2144961339,2001
W2131621291,W2091115823,2001
W2131621291,W2100350068,2001
W2131621291,W2142917543,2001
W2131621291,W2089876099,2001
W2131621291,W2125638038,2001
W2131621291,W3144229920,2001
W2131621291,W1993365856,2001
W2131621291,W2161319334,2001
W2538614451,W2069537876,2001
W2538614451,W2085435394,2001
W2538614451,W2006060268,2001
W2538614451,W1731002759,2001
W2538614451,W2147477841,2001
W2538614451,W2539268213,2001
W2538614451,W2072876810,2001
W2538614451,W2126521141,2001
W2538614451,W2119231080,2001
W2538614451,W2008459722,2001
W2538614451,W2059760825,2001
W2538614451,W1491499589,2001
W2538614451,W2066778284,2001
W2538614451,W2169528473,2001
W2538614451,W2056425658,2001
W2538614451,W2040850259,2001
W2538614451,W2000023163,2001
W2538614451,W101508493,2001
W2538614451,W2093513099,2001
W2538614451,W1978226270,2001
W2538614451,W2078059979,2001
W2538614451,W2143560481,2001
W2538614451,W1964786288,2001
W2538614451,W2138867322,2001
W2538614451,W2164881457,2001
W2538614451,W2033849809,2001
W2019033702,W1518323279,2001
W2019033702,W2122461646,2001
W2019033702,W1628722426,2001
W2019033702,W1611953126,2001
W2019033702,W2170549385,2001
W2019033702,W2086451657,2001
W2019033702,W2028310195,2001
W2019033702,W2079638262,2001
W2019033702,W2249559694,2001
W2019033702,W3022352042,2001
W2019033702,W2157997166,2001
W2019033702,W1757697348,2001
W2019033702,W2170960619,2001
W2019033702,W1616938192,2001
W2019033702,W943888102,2001
W2019033702,W1646263093,2001
W2019033702,W2168147705,2001
W2019033702,W2057695079,2001
W2019033702,W2152495088,2001
W2019033702,W2044296999,2001
W2019033702,W2055322921,2001
W2019033702,W1509348956,2001
W2019033702,W1812469960,2001
W2019033702,W1948083161,2001
W2019033702,W2062602928,2001
W2019033702,W3151165723,2001
W2019033702,W1844592584,2001
W2019033702,W2132178624,2001
W2019033702,W2136728939,2001
W2019033702,W2031478518,2001
W2019033702,W2142846814,2001
W2019033702,W1491321738,2001
W2019033702,W1487247803,2001
W2019033702,W2011781037,2001
W2019033702,W2396882402,2001
W2019033702,W2146286867,2001
W2019033702,W1874296627,2001
W2019033702,W2049464428,2001
W3149522800,W1977387474,2001
W3149522800,W1999250663,2001
W3149522800,W2293404936,2001
W3149522800,W3146052257,2001
W3149522800,W2053212688,2001
W3149522800,W1986049249,2001
W3149522800,W2120645069,2001
W3149522800,W4244961376,2001
W3149522800,W3140955151,2001
W3149522800,W2039689486,2001
W3149522800,W1996819948,2001
W3149522800,W6635095115,2001
W3149522800,W2137783639,2001
W3149522800,W6645278453,2001
W3149522800,W2235901111,2001
W3149522800,W2043242530,2001
W3149522800,W1561797603,2001
W3149522800,W2113634802,2001
W3149522800,W1980377526,2001
W3149522800,W2138707442,2001
W3149522800,W2922084435,2001
W3149522800,W1587649667,2001
W4252428966,W2068959787,2001
W4252428966,W1566368032,2001
W4252428966,W1735790193,2001
W4252428966,W4240342414,2001
W4252428966,W3004076791,2001
W4252428966,W98251281,2001
W4252428966,W2028345935,2001
W4252428966,W4254043703,2001
W4252428966,W4205380271,2001
W4252428966,W1823329909,2001
W4252428966,W4256486337,2001
W4232452729,W2052116105,2001
W4232452729,W4251828230,2001
W4232452729,W2122572959,2001
W4232452729,W3141250523,2001
W4232452729,W3141640764,2001
W4232452729,W3140063308,2001
W4232452729,W6723177096,2001
W4232452729,W3148642751,2001
W4232452729,W1974880270,2001
W4232452729,W2156343066,2001
W4232452729,W2140693291,2001
W4232452729,W4237648096,2001
W4232452729,W2119231080,2001
W4232452729,W2100087065,2001
W4232452729,W4231061515,2001
W4232452729,W2138867322,2001
W4232452729,W1972489345,2001
W4232452729,W3149422877,2001
W4232452729,W2293372129,2001
W4232452729,W1560892771,2001
W4232452729,W4240670390,2001
W2138979757,W3039083618,2001
W2138979757,W2047167129,2001
W2138979757,W2002569088,2001
W2138979757,W3152230474,2001
W2138979757,W2132938386,2001
W2138979757,W2041950120,2001
W2138979757,W1493558168,2001
W2138979757,W2229412420,2001
W2138979757,W2073336401,2001
W2138979757,W2161955943,2001
W2138979757,W3145706096,2001
W2138979757,W2008670488,2001
W2138979757,W1964910730,2001
W2138979757,W2295355433,2001
W2138979757,W2912067802,2001
W2138979757,W2011658854,2001
W2138979757,W2119231080,2001
W3143780549,W2119197291,2001
W3143780549,W2156247583,2001
W3143780549,W2079021025,2001
W3143780549,W2130470231,2001
W3143780549,W4233857083,2001
W3143780549,W6629991744,2001
W3143780549,W2096987457,2001
W3143780549,W3012766410,2001
W3143780549,W1990621116,2001
W3143780549,W4230163235,2001
W3143780549,W7037275345,2001
W3143780549,W2009422376,2001
W3143780549,W2235901111,2001
W3143780549,W2075010828,2001
W3143780549,W2014447518,2001
W3143780549,W2293404936,2001
W3143780549,W1661064697,2001
W3143780549,W6679696003,2001
W3143780549,W1988794061,2001
W3143780549,W2079466024,2001
W3143780549,W1753524162,2001
W3143780549,W3142743534,2001
W3143780549,W1503094834,2001
W3143780549,W2997144757,2001
W3143780549,W2984066441,2001
W3140286667,W2056816721,2001
W3140286667,W2053826687,2001
W3140286667,W2058478206,2001
W3140286667,W2130470231,2001
W3140286667,W1981845593,2001
W3140286667,W2022408614,2001
W3140286667,W6822203981,2001
W3140286667,W6666836197,2001
W3140286667,W2110157363,2001
W3140286667,W4241799631,2001
W3140286667,W2008844048,2001
W3140286667,W7036134819,2001
W3140286667,W2232880714,2001
W3140286667,W1981603350,2001
W3140286667,W1533528947,2001
W3140286667,W151414339,2001
W3140286667,W2064913452,2001
W3140286667,W4240777058,2001
W2133917555,W2153079896,2001
W2133917555,W2151844125,2001
W2133917555,W2150262180,2001
W2133917555,W2058834450,2001
W2133917555,W2116649573,2001
W2133917555,W2235901111,2001
W2133917555,W3127623214,2001
W2133917555,W2052198706,2001
W2133917555,W2018338408,2001
W2133917555,W1544258013,2001
W2533408896,W2134643591,2001
W2533408896,W2986047257,2001
W2533408896,W1971591296,2001
W2533408896,W2138867322,2001
W2533408896,W2082246999,2001
W2533408896,W2142499637,2001
W2533408896,W2156760499,2001
W2533408896,W2229412420,2001
W2533408896,W2121768666,2001
W2533408896,W1489539431,2001
W2533408896,W2059719975,2001
W2533408896,W2164881457,2001
W2533408896,W2117717353,2001
W2533408896,W2090119071,2001
W2533408896,W1971071758,2001
W4237979131,W2100816864,2001
W4237979131,W2052789583,2001
W4237979131,W4385490096,2001
W4237979131,W6630035000,2001
W4237979131,W2054150189,2001
W4237979131,W3150216034,2001
W4237979131,W2009422376,2001
W4237979131,W2155412154,2001
W4237979131,W2143633071,2001
W4237979131,W2027947870,2001
W4237979131,W2027549499,2001
W4237979131,W2043242530,2001
W4237979131,W2089866148,2001
W4237979131,W2169305793,2001
W4237979131,W2113634802,2001
W4237979131,W2158037930,2001
W4237979131,W2163831005,2001
W4237979131,W1561797603,2001
W4237979131,W1502882819,2001
W2170968305,W1996819948,2001
W2170968305,W2136696682,2001
W2170968305,W3147179041,2001
W2170968305,W2043242530,2001
W2170968305,W2109862258,2001
W2170968305,W2126232536,2001
W2170968305,W2236671400,2001
W2170968305,W2093248715,2001
W2170968305,W2067288944,2001
W2170968305,W2013714219,2001
W2170968305,W3144589906,2001
W2170968305,W2147775031,2001
W2170968305,W2234007130,2001
W2170968305,W2163831005,2001
W2170968305,W2125364704,2001
W2170968305,W2137783639,2001
W2170968305,W2009139756,2001
W2170968305,W2170877531,2001
W2170968305,W2143633071,2001
W2170968305,W2052789583,2001
W2170968305,W2084615300,2001
W2170968305,W2122760036,2001
W2170968305,W3146789869,2001
W2170968305,W1993859887,2001
W2170968305,W2132889162,2001
W2170968305,W2058626379,2001
W2170968305,W2087078934,2001
W2170968305,W2113610230,2001
W2170968305,W2532506824,2001
W2170968305,W3144586438,2001
W2170968305,W1977824149,2001
W2170968305,W1973911118,2001
W2170968305,W2065954028,2001
W2170968305,W2071516467,2001
W2170968305,W2053212688,2001
W2170968305,W1986363218,2001
W2170968305,W2154070689,2001
W2170968305,W2113227050,2001
W2170968305,W1953195341,2001
W2170968305,W2293404936,2001
W2170968305,W2147155707,2001
W2170968305,W2125629562,2001
W3141149520,W1971071758,2001
W3141149520,W2044724418,2001
W3141149520,W1989952968,2001
W3141149520,W2162106299,2001
W3141149520,W2034283238,2001
W3141149520,W6683699680,2001
W3141149520,W3145706096,2001
W3141149520,W2153615563,2001
W3141149520,W2364689401,2001
W3141149520,W2107002723,2001
W3141149520,W3147279153,2001
W3141149520,W2119231080,2001
W3141149520,W2073336401,2001
W3141149520,W1967310439,2001
W3141149520,W4235993264,2001
W3141149520,W2138867322,2001
W3141149520,W2070571659,2001
W3141149520,W1964011539,2001
W3141149520,W6641339634,2001
W3141149520,W4231061515,2001
W3141149520,W4233757823,2001
W3141149520,W2019380800,2001
W3141149520,W6653311303,2001
W3141149520,W2003370853,2001
W3141149520,W2085938780,2001
W3141149520,W2170716456,2001
W3141149520,W2090031661,2001
W3141149520,W6652299829,2001
W3141149520,W2164881457,2001
W3141149520,W2008670488,2001
W3141149520,W2161955943,2001
W3141149520,W4244065811,2001
W2016966772,W1769508848,2001
W2016966772,W2123646279,2001
W2016966772,W1781856294,2001
W2016966772,W2105975314,2001
W2016966772,W2095497903,2001
W2016966772,W1492700116,2001
W2016966772,W2019380800,2001
W2016966772,W2073470731,2001
W2016966772,W2124524076,2001
W2016966772,W2138987052,2001
W2016966772,W2001864930,2001
W3151546419,W2293404936,2001
W3151546419,W3143041962,2001
W3151546419,W6675770446,2001
W3151546419,W2237825899,2001
W3151546419,W2130470231,2001
W3151546419,W2043854192,2001
W3151546419,W2150134853,2001
W3151546419,W6628544028,2001
W3151546419,W2043896016,2001
W3151546419,W2000214666,2001
W3151546419,W3148091194,2001
W3151546419,W2235901111,2001
W3151546419,W2074981114,2001
W3151546419,W2145023731,2001
W3151546419,W2232880714,2001
W3151546419,W6777747118,2001
W3151546419,W2079017595,2001
W3151546419,W2022408614,2001
W3151546419,W126840538,2001
W3151546419,W2234838367,2001
W3151546419,W4251740737,2001
W3151546419,W1479869329,2001
W3151546419,W2104095591,2001
W4252100329,W2002850712,2001
W4252100329,W2051903287,2001
W4252100329,W1870642593,2001
W4252100329,W2088484219,2001
W4252100329,W2116743898,2001
W4252100329,W1993500142,2001
W4252100329,W2126597034,2001
W4252100329,W2111501452,2001
W4252100329,W7073583834,2001
W4252100329,W2131283235,2001
W4252100329,W6683517490,2001
W4252100329,W2093513099,2001
W4252100329,W2079059594,2001
W4252100329,W1990913800,2001
W4252100329,W2161752583,2001
W4252100329,W2159452042,2001
W4252100329,W1579842596,2001
W4252100329,W1511629589,2001
W4252100329,W4244885681,2001
W2293805306,W2010795246,2001
W2293805306,W2006391250,2001
W2293805306,W2032675578,2001
W2293805306,W126840538,2001
W2293805306,W1964171783,2001
W2293805306,W2089866148,2001
W2293805306,W1558383092,2001
W2293805306,W1687486555,2001
W2293805306,W2045648984,2001
W2293805306,W2000642508,2001
W2293805306,W2232880714,2001
W2293805306,W2112220542,2001
W2293805306,W1969985130,2001
W2293805306,W1517255646,2001
W2293805306,W2086906763,2001
W2293805306,W2035447160,2001
W3148952111,W2119507812,2001
W3148952111,W6925874796,2001
W3148952111,W3006964082,2001
W3148952111,W2083574922,2001
W3148952111,W1981603350,2001
W3148952111,W2091620062,2001
W3148952111,W1977387474,2001
W3148952111,W1999250663,2001
W3148952111,W2124116267,2001
W3148952111,W2052356104,2001
W3148952111,W2130628618,2001
W3148952111,W2152500732,2001
W3148952111,W1976089916,2001
W3148952111,W2086345799,2001
W3148952111,W1984926837,2001
W3148952111,W2121574995,2001
W3148952111,W6663866560,2001
W3148952111,W2099145784,2001
W3148952111,W1980220299,2001
W3148952111,W2094539937,2001
W3148952111,W2235036220,2001
W3148952111,W2137061874,2001
W3148952111,W2043775053,2001
W3148952111,W1981845593,2001
W3148952111,W2084939739,2001
W3148952111,W6605203544,2001
W3148952111,W1987135480,2001
W3148952111,W2055354539,2001
W3148952111,W4385490503,2001
W3148952111,W194536078,2001
W3148952111,W2054361378,2001
W3148952111,W126840538,2001
W3148952111,W2182932938,2001
W2108682302,W2016910643,2001
W2108682302,W1766888123,2001
W2108682302,W2156343066,2001
W2108682302,W2999068457,2001
W2108682302,W1981746717,2001
W2108682302,W2060968961,2001
W2108682302,W3150857940,2001
W2108682302,W1989692770,2001
W2108682302,W2150084405,2001
W2108682302,W2097661764,2001
W2108682302,W3149422877,2001
W2108682302,W2111794246,2001
W2108682302,W2002422940,2001
W2108682302,W1995990042,2001
W2108682302,W2963585514,2001
W2108682302,W2171733806,2001
W2108682302,W1533155545,2001
W2108682302,W2147477841,2001
W2108682302,W2500307511,2001
W2108682302,W1984969847,2001
W2064874826,W2098405801,2001
W4231419987,W6601321340,2001
W4231419987,W1975481332,2001
W4231419987,W3141241810,2001
W4231419987,W2142218318,2001
W4231419987,W2146286867,2001
W4231419987,W2155536475,2001
W4231419987,W4232696329,2001
W4231419987,W2018444363,2001
W4231419987,W6820443557,2001
W4231419987,W2153710944,2001
W4231419987,W1967912353,2001
W4231419987,W2079638262,2001
W4231419987,W2168147705,2001
W4231419987,W6632702917,2001
W4231419987,W6661191685,2001
W4231419987,W6685063249,2001
W4231419987,W2008082607,2001
W4231419987,W2237155658,2001
W4231419987,W2055322921,2001
W4231419987,W2117492729,2001
W4231419987,W2132178624,2001
W4231419987,W31869344,2001
W4231419987,W4238716399,2001
W4231419987,W2044296999,2001
W4231419987,W1550083296,2001
W4231419987,W1509348956,2001
W4231419987,W4254160181,2001
W2137531922,W3146210588,2001
W2137531922,W2158905481,2001
W2137531922,W2073371710,2001
W2137531922,W2068306188,2001
W2137531922,W2121535648,2001
W2137531922,W2049981393,2001
W2137531922,W2171094068,2001
W2137531922,W4241943820,2001
W2137531922,W1996819948,2001
W2137531922,W4237979131,2001
W2137531922,W3141009312,2001
W2137531922,W2009422376,2001
W2137531922,W1489538615,2001
W2137531922,W2000214666,2001
W2137531922,W4252482688,2001
W2137531922,W4245536886,2001
W2137531922,W1986234613,2001
W2137531922,W1974983274,2001
W2137531922,W1503421060,2001
W2137531922,W4239491825,2001
W2137531922,W2146755443,2001
W2137531922,W1990323259,2001
W2137531922,W2998115525,2001
W2137531922,W2913772345,2001
W2137531922,W4231618925,2001
W2137531922,W2293779956,2001
W2137531922,W2107030854,2001
W2137531922,W1999284314,2001
W2137531922,W1545217472,2001
W2137531922,W1974102081,2001
W2137531922,W1920702468,2001
W2137531922,W2012876210,2001
W2137531922,W6651825406,2001
W2137531922,W1986049249,2001
W2137531922,W6603468423,2001
W2137531922,W6739923108,2001
W2137531922,W2150593711,2001
W2137531922,W4236476529,2001
W2137531922,W2158037930,2001
W2137531922,W2119947613,2001
W2137531922,W2038091466,2001
W2137531922,W2067405352,2001
W2137531922,W2113634802,2001
W2137531922,W2138430451,2001
W2137531922,W1493143135,2001
W2137531922,W2137514073,2001
W2137531922,W2147477841,2001
W2137531922,W2079017595,2001
W2137531922,W2997144757,2001
W2137531922,W2061010610,2001
W2137531922,W2295835196,2001
W2137531922,W2174246288,2001
W2137531922,W4239179032,2001
W2137531922,W1597739853,2001
W2137531922,W2100816864,2001
W2137531922,W4285719527,2001
W2137531922,W2020599179,2001
W2137531922,W2326588846,2001
W2137531922,W2136838646,2001
W2137531922,W2703438271,2001
W2137531922,W2128012088,2001
W2137531922,W2129519161,2001
W2137531922,W2133493855,2001
W2137531922,W2143633071,2001
W2137531922,W2535787693,2001
W2137531922,W2041259710,2001
W2137531922,W2120572158,2001
W2137531922,W2432517183,2001
W2137531922,W2006213557,2001
W2137531922,W85656207,2001
W2137531922,W2145267799,2001
W2137531922,W2054150189,2001
W2137531922,W1488754826,2001
W2137531922,W3000400585,2001
W2137531922,W2092924973,2001
W4241943820,W2071516467,2001
W4241943820,W2163831005,2001
W4241943820,W2113610230,2001
W4241943820,W2028687412,2001
W4241943820,W2293404936,2001
W4241943820,W2052789583,2001
W4241943820,W3146052257,2001
W4241943820,W4231618925,2001
W4241943820,W2293779956,2001
W4241943820,W1545217472,2001
W4241943820,W2063366997,2001
W4241943820,W2121367920,2001
W4241943820,W6603468423,2001
W4241943820,W1496150352,2001
W4241943820,W1952506213,2001
W4241943820,W2234052603,2001
W4241943820,W2293644818,2001
W4241943820,W1493143135,2001
W4241943820,W1980670965,2001
W4241943820,W2294985758,2001
W4241943820,W2016878167,2001
W4241943820,W2074981114,2001
W4241943820,W1487031213,2001
W4241943820,W2111169574,2001
W4241943820,W1502882819,2001
W4241943820,W2169305793,2001
W4241943820,W2158037930,2001
W4241943820,W6646686565,2001
W4241943820,W2113634802,2001
W4241943820,W1986188964,2001
W4241943820,W1491528139,2001
W4241943820,W2137293535,2001
W4241943820,W85656207,2001
W2538618819,W2028345935,2001
W2538618819,W1823329909,2001
W2538618819,W2075724496,2001
W2538618819,W2155843307,2001
W2538618819,W2610685016,2001
W2538618819,W2073470731,2001
W2538618819,W2327525319,2001
W2538618819,W2264140324,2001
W2538618819,W2090088512,2001
W2538618819,W2100350068,2001
W2538618819,W2796985193,2001
W2538618819,W2132282325,2001
W2538618819,W2798157462,2001
W2119622165,W2072210981,2001
W2119622165,W2107002723,2001
W2119622165,W1975358183,2001
W2119622165,W1789039309,2001
W2119622165,W1964011539,2001
W2119622165,W3005363104,2001
W2119622165,W2172265048,2001
W2119622165,W2084146775,2001
W2119622165,W2015370045,2001
W2119622165,W2011734484,2001
W2119622165,W2101789093,2001
W2119622165,W2098914003,2001
W2119622165,W1978492139,2001
W2119622165,W1909138541,2001
W2119622165,W3150217309,2001
W2119622165,W2146378993,2001
W2119622165,W2148593155,2001
W2119622165,W1582386329,2001
W2119622165,W2166087152,2001
W2119622165,W2029200786,2001
W2119622165,W2107745473,2001
W2119622165,W2140832824,2001
W2119622165,W2062024414,2001
W2119622165,W1494985239,2001
W2119622165,W2164881457,2001
W2119622165,W2083790008,2001
W2150898819,W2546111618,2001
W2150898819,W2047167129,2001
W2150898819,W2164881457,2001
W2150898819,W2026058811,2001
W2150898819,W2294494167,2001
W2150898819,W2000493547,2001
W2150898819,W2134272728,2001
W2150898819,W1974161311,2001
W2150898819,W2138147496,2001
W2150898819,W2491091343,2001
W2150898819,W3148686256,2001
W2150898819,W1988064139,2001
W2150898819,W1964011539,2001
W2150898819,W2119231080,2001
W2150898819,W2080605277,2001
W2150898819,W2229412420,2001
W2150898819,W1601529119,2001
W2150898819,W2055905282,2001
W2150898819,W152872949,2001
W2150898819,W3141564411,2001
W2150898819,W1553376466,2001
W2150898819,W2092405939,2001
W2150898819,W3148097423,2001
W2150898819,W2080464309,2001
W2150898819,W139966542,2001
W2150898819,W2107002723,2001
W2150898819,W2144505248,2001
W2150898819,W1990028735,2001
W2150898819,W3140348931,2001
W2544794140,W2251815502,2001
W2544794140,W2161955943,2001
W2544794140,W1572919062,2001
W2544794140,W2008670488,2001
W2544794140,W2119807014,2001
W2544794140,W2073336401,2001
W2544794140,W2162106299,2001
W2544794140,W2912067802,2001
W2544794140,W2117160391,2001
W2544794140,W2022261649,2001
W2544794140,W2295355433,2001
W2544794140,W2072330233,2001
W2544794140,W1964910730,2001
W2544794140,W2011658854,2001
W2088219806,W1558424702,2001
W2088219806,W3018222035,2001
W2088219806,W2160948519,2001
W2088219806,W2046163665,2001
W2088219806,W1976721241,2001
W2088219806,W3006330826,2001
W2088219806,W1989952968,2001
W2088219806,W1487936637,2001
W2031740700,W2069231485,2001
W2031740700,W3150857940,2001
W2031740700,W3163113245,2001
W2031740700,W2020533163,2001
W2031740700,W1993557430,2001
W2031740700,W2325955172,2001
W2031740700,W1533155545,2001
W2031740700,W1971061766,2001
W2031740700,W1603089724,2001
W2031740700,W2106073588,2001
W2031740700,W2229412420,2001
W2031740700,W3160104214,2001
W2031740700,W2005260525,2001
W2031740700,W2097661764,2001
W2031740700,W2096482875,2001
W2031740700,W2033319097,2001
W2031740700,W2121979170,2001
W2031740700,W1561484711,2001
W2031740700,W2135609792,2001
W2031740700,W3151525379,2001
W2031740700,W2040662088,2001
W2031740700,W2082246999,2001
W2031740700,W1766888123,2001
W2031740700,W3143618568,2001
W2031740700,W1661064697,2001
W2031740700,W2127307450,2001
W2031740700,W3145373705,2001
W2031740700,W2051659264,2001
W2031740700,W2039466918,2001
W2031740700,W2110224141,2001
W2031740700,W2000980965,2001
W2031740700,W1987422110,2001
W2153706538,W2025030349,2001
W2153706538,W2026812847,2001
W2153706538,W1996819948,2001
W2153706538,W3144586438,2001
W2153706538,W3097169496,2001
W2153706538,W2034966370,2001
W2153706538,W2096471740,2001
W2153706538,W2150986837,2001
W2153706538,W1998101624,2001
W2153706538,W1776373404,2001
W2153706538,W2017136778,2001
W2153706538,W106665084,2001
W2153706538,W2024802196,2001
W2153706538,W2087864637,2001
W2153706538,W763818968,2001
W2153706538,W2236671400,2001
W2153706538,W163936060,2001
W2153706538,W1992851154,2001
W2153706538,W2053762489,2001
W2153706538,W1990323259,2001
W2153706538,W1542048523,2001
W2153706538,W1966705299,2001
W2153706538,W1538354154,2001
W2153706538,W1977718889,2001
W2153706538,W2123090765,2001
W2153706538,W2081641698,2001
W2153706538,W1486818671,2001
W2153706538,W2017159917,2001
W2153706538,W1524100745,2001
W2153706538,W1603182706,2001
W2153706538,W2532506824,2001
W2153706538,W2035637093,2001
W2153706538,W2981264952,2001
W2153706538,W2001104618,2001
W2153706538,W2011616847,2001
W2153706538,W62200668,2001
W2153706538,W1852003777,2001
W2153706538,W99192253,2001
W2153706538,W1551207461,2001
W2153706538,W2107699930,2001
W2153706538,W2109805926,2001
W2153706538,W2163142993,2001
W3151439136,W7074076536,2001
W3151439136,W1972738855,2001
W3151439136,W2139062144,2001
W3151439136,W2467861983,2001
W3151439136,W2416375656,2001
W4255556671,W6824737996,2001
W4255556671,W6601119802,2001
W4255556671,W2109808436,2001
W4255556671,W4234177711,2001
W4255556671,W3147790798,2001
W4255556671,W4243999977,2001
W4255556671,W1492116730,2001
W4255556671,W1991542306,2001
W4255556671,W2005342579,2001
W4255556671,W2150593711,2001
W4255556671,W3145445549,2001
W4255556671,W2142499637,2001
W4255556671,W4237495039,2001
W4255556671,W2143278541,2001
W4255556671,W27528377,2001
W4255556671,W1588594383,2001
W4255556671,W4236844765,2001
W4255556671,W4242978891,2001
W3141978729,W2068959787,2001
W3141978729,W2077416681,2001
W3141978729,W2042912936,2001
W3141978729,W4377984205,2001
W3141978729,W6641570118,2001
W3141978729,W4241914790,2001
W3141978729,W2052637448,2001
W3141978729,W2253040543,2001
W3141978729,W6619647043,2001
W3141978729,W4250623612,2001
W3141978729,W2067743450,2001
W3141978729,W4233757823,2001
W3141978729,W2061916142,2001
W3141978729,W6685125350,2001
W3141978729,W2041665590,2001
W3141978729,W2057720927,2001
W3141978729,W2044724418,2001
W3141978729,W2171269138,2001
W3141978729,W1541441755,2001
W3141978729,W1964925925,2001
W2105110338,W2179912439,2001
W2105110338,W1491735304,2001
W2105110338,W2156380621,2001
W2105110338,W85028940,2001
W2105110338,W2105833809,2001
W2105110338,W2294130413,2001
W2105110338,W1662443053,2001
W2105110338,W2229412420,2001
W3144733542,W2164881457,2001
W3144733542,W4235993264,2001
W3144733542,W1524622801,2001
W3144733542,W2134643591,2001
W3144733542,W2079466024,2001
W3144733542,W6677910128,2001
W3144733542,W1812018636,2001
W3144733542,W2079638262,2001
W3144733542,W2049214433,2001
W3144733542,W4244795592,2001
W3144733542,W2059760825,2001
W3144733542,W4236381362,2001
W3144733542,W2083790008,2001
W3144733542,W2107002723,2001
W3144733542,W2119143046,2001
W3144733542,W4255853673,2001
W3148770521,W6682138525,2001
W3148770521,W2150134853,2001
W3148770521,W1964853704,2001
W3148770521,W1819157937,2001
W3148770521,W4255137506,2001
W3148770521,W2138987052,2001
W3148770521,W2034070517,2001
W3148770521,W2146150033,2001
W3148770521,W6628649234,2001
W3148770521,W2073470731,2001
W3148770521,W1781856294,2001
W3148770521,W4244364004,2001
W3148770521,W6629486969,2001
W3148770521,W2023160887,2001
W3148770521,W1974509213,2001
W3148770521,W2065164181,2001
W3148770521,W3027805006,2001
W3148770521,W3144226019,2001
W3148770521,W3150639519,2001
W3148770521,W1492700116,2001
W3148770521,W1480546554,2001
W4253750821,W6686176984,2001
W4253750821,W2061010610,2001
W4253750821,W2133493855,2001
W4253750821,W2121535648,2001
W4253750821,W2171094068,2001
W4253750821,W4251273232,2001
W4253750821,W2295216480,2001
W4253750821,W2009422376,2001
W4253750821,W1540762735,2001
W4253750821,W2078290150,2001
W4253750821,W3141304108,2001
W4253750821,W2235901111,2001
W4253750821,W4230163235,2001
W4253750821,W6672390107,2001
W4253750821,W1561797603,2001
W4253750821,W2069585823,2001
W4253750821,W3136739961,2001
W4253750821,W2079017595,2001
W4253750821,W2026172757,2001
W4253750821,W2001324311,2001
W4253750821,W6608078828,2001
W4253750821,W2158905481,2001
W4253750821,W2073371710,2001
W4253750821,W3144823663,2001
W4253750821,W1669854886,2001
W4253750821,W1793815080,2001
W4253750821,W1986234613,2001
W4253750821,W2100816864,2001
W4253750821,W2293404936,2001
W4253750821,W6679486514,2001
W4253750821,W6678268939,2001
W4253750821,W2127973854,2001
W4253750821,W2182932938,2001
W4253750821,W2121357506,2001
W4253750821,W199276313,2001
W4253750821,W2088352159,2001
W1985423506,W1554541441,2001
W1985423506,W1965610042,2001
W1985423506,W2142859885,2001
W1985423506,W2008056024,2001
W1985423506,W1604990229,2001
W1985423506,W2086542492,2001
W1985423506,W2134835560,2001
W1985423506,W2997779830,2001
W1985423506,W2087316595,2001
W1985423506,W1528525197,2001
W1985423506,W2071516467,2001
W1985423506,W2094658339,2001
W1985423506,W2124634392,2001
W1985423506,W2038871017,2001
W1985423506,W1978226270,2001
W1985423506,W3141878869,2001
W1985423506,W2295822977,2001
W1985423506,W1981644168,2001
W1985423506,W2009422376,2001
W1985423506,W2033849809,2001
W1985423506,W2111169574,2001
W1985423506,W3141370828,2001
W1985423506,W2023988909,2001
W1985423506,W2149167609,2001
W1985423506,W2138655573,2001
W1985423506,W2148307697,2001
W1985423506,W1982839353,2001
W1985423506,W2140564800,2001
W1985423506,W2153079896,2001
W1985423506,W2107464713,2001
W1985423506,W2012276876,2001
W1985423506,W1991239353,2001
W2148605237,W2155310671,2001
W2148605237,W2011658854,2001
W2148605237,W2100087065,2001
W2148605237,W1967729954,2001
W2148605237,W3097169496,2001
W2148605237,W2099290282,2001
W2148605237,W2999068457,2001
W2148605237,W2113634802,2001
W2148605237,W2104095591,2001
W2148605237,W3152230474,2001
W2148605237,W2059686196,2001
W2148605237,W2161955943,2001
W2148605237,W2981264952,2001
W2148605237,W2119231080,2001
W2148605237,W2293372129,2001
W2148605237,W2107002723,2001
W2148605237,W2229412420,2001
W2148605237,W2158037930,2001
W2148605237,W2107666439,2001
W2148605237,W2156343066,2001
W2148605237,W2106432700,2001
W2148605237,W3145706096,2001
W1965280172,W1489539431,2001
W1965280172,W1997387988,2001
W1965280172,W1528664287,2001
W1965280172,W2133229881,2001
W1965280172,W2026058811,2001
W1965280172,W2146465013,2001
W1965280172,W2079638262,2001
W1965280172,W2235376463,2001
W1965280172,W2164881457,2001
W1965280172,W2138867322,2001
W1965280172,W2156343066,2001
W1965280172,W2017468675,2001
W1965280172,W2107002723,2001
W1965280172,W2229412420,2001
W1965280172,W83500286,2001
W1965280172,W2288146251,2001
W1965280172,W2295355433,2001
W1965280172,W126053773,2001
W2147798083,W1752123376,2001
W2147798083,W1536249158,2001
W2147798083,W1826774951,2001
W2147798083,W1525440867,2001
W2147798083,W175079888,2001
W2147798083,W1538463832,2001
W2147798083,W2191539948,2001
W2147798083,W1517294640,2001
W2147798083,W1919480982,2001
W2147798083,W2113624255,2001
W2147798083,W1482626928,2001
W2147798083,W1990436032,2001
W2147798083,W2027069847,2001
W2147798083,W2768458790,2001
W2147798083,W2047287273,2001
W2105079573,W1998372843,2001
W2105079573,W2100059510,2001
W2105079573,W2023419712,2001
W2105079573,W3150888061,2001
W2105079573,W3145639415,2001
W2105079573,W2236671400,2001
W2105079573,W1492371197,2001
W2105079573,W2106003753,2001
W2105079573,W2097955952,2001
W2105079573,W2978236779,2001
W2105079573,W2134859956,2001
W2105079573,W2099404391,2001
W2105079573,W2030542475,2001
W2105079573,W3144586438,2001
W2105079573,W2125629562,2001
W2105079573,W3146968651,2001
W2105079573,W3146052257,2001
W2105079573,W3151029127,2001
W2105079573,W2046441184,2001
W2105079573,W2113634802,2001
W2105079573,W2539955899,2001
W2105079573,W103527210,2001
W2105079573,W2154074774,2001
W2105079573,W2074809208,2001
W2105079573,W2532506824,2001
W2105079573,W2052789583,2001
W2105079573,W2058566003,2001
W2105079573,W1566678501,2001
W2105079573,W2164191390,2001
W2105079573,W2067166017,2001
W3147534036,W2058214432,2001
W3147534036,W2118634086,2001
W3147534036,W2155079143,2001
W3147534036,W1985858708,2001
W3147534036,W2105090634,2001
W3147534036,W2152482456,2001
W3147534036,W123973712,2001
W3147534036,W2100348638,2001
W3147534036,W4236768697,2001
W3147534036,W2162241081,2001
W3147534036,W4210300258,2001
W3147534036,W6678309893,2001
W3147534036,W2087493339,2001
W3147534036,W2123322970,2001
W3147534036,W2027792629,2001
W2031874710,W2159763437,2001
W2031874710,W2100087065,2001
W2031874710,W22745672,2001
W2031874710,W2999068457,2001
W2031874710,W2166314747,2001
W2031874710,W2028834502,2001
W2031874710,W1972824939,2001
W2031874710,W2073470731,2001
W2031874710,W2026072735,2001
W2031874710,W2138867322,2001
W2031874710,W2119752738,2001
W2031874710,W1965458980,2001
W2031874710,W2156343066,2001
W2031874710,W2119231080,2001
W2031874710,W2022933958,2001
W2031874710,W2138147496,2001
W2031874710,W2132385550,2001
W2031874710,W2069238584,2001
W2031874710,W2095109164,2001
W2031874710,W2165343272,2001
W2031874710,W2107002723,2001
W2031874710,W2134272728,2001
W2031874710,W2091665017,2001
W2031874710,W2126521141,2001
W3143470795,W4233076334,2001
W3143470795,W2072210981,2001
W3143470795,W6635525778,2001
W3143470795,W3144229920,2001
W3143470795,W2053691921,2001
W3143470795,W2117188745,2001
W3143470795,W4250585725,2001
W3143470795,W6637886274,2001
W3143470795,W6635779034,2001
W3143470795,W4255272544,2001
W3143470795,W1989480677,2001
W3143470795,W2163324644,2001
W3143470795,W2130470231,2001
W3143470795,W6682860349,2001
W3143470795,W3149831928,2001
W3143470795,W1976731160,2001
W3143470795,W2079466024,2001
W3143470795,W3142743534,2001
W3143470795,W1590482746,2001
W3143470795,W1494985239,2001
W3143470795,W4243648955,2001
W3143470795,W2154320156,2001
W3143470795,W4234164026,2001
W3143470795,W1238092070,2001
W3145234024,W2079638262,2001
W3145234024,W2079094956,2001
W3145234024,W3144847243,2001
W3145234024,W7046225682,2001
W3145234024,W6616951639,2001
W3145234024,W6610084514,2001
W3145234024,W1964938063,2001
W3145234024,W2073470731,2001
W3145234024,W2279363698,2001
W3145234024,W3007071022,2001
W3145234024,W270804304,2001
W3145234024,W580819231,2001
W2098241120,W1916757608,2001
W2098241120,W4242039080,2001
W2098241120,W1977554562,2001
W2098241120,W2324858020,2001
W2098241120,W6692685519,2001
W2098241120,W2045012623,2001
W2098241120,W2121760846,2001
W2098241120,W2034764447,2001
W2098241120,W2125961643,2001
W2098241120,W4256486337,2001
W2098241120,W190320872,2001
W2138658268,W2083896568,2001
W2138658268,W2151917844,2001
W2138658268,W2116936044,2001
W2138658268,W2112339460,2001
W2138658268,W6659623153,2001
W2138658268,W2050427657,2001
W2138658268,W1993375912,2001
W2138658268,W1993890112,2001
W2138658268,W2030368188,2001
W2138658268,W2023716524,2001
W2138658268,W2138187595,2001
W2138658268,W2035723541,2001
W2138658268,W2541915565,2001
W2099166093,W6611947346,2001
W2099166093,W6606746894,2001
W2099166093,W1710511026,2001
W2099166093,W1983989230,2001
W2099166093,W2102011469,2001
W2099166093,W1968305696,2001
W2099166093,W1533210402,2001
W2099166093,W2086050593,2001
W2099166093,W2168442304,2001
W2099166093,W2013073142,2001
W2099166093,W2115891727,2001
W2099166093,W2055801681,2001
W2099166093,W1934205448,2001
W2099166093,W950821216,2001
W2099166093,W2036469730,2001
W2099166093,W348384746,2001
W2099166093,W168610635,2001
W2099166093,W2061901927,2001
W2099166093,W2102664288,2001
W2098469281,W2086050593,2001
W2098469281,W2106588364,2001
W2098469281,W1735790193,2001
W2098469281,W2039967791,2001
W2098469281,W6633051787,2001
W2098469281,W2062199832,2001
W2098469281,W6606746894,2001
W2098469281,W2172081191,2001
W2098469281,W1585269349,2001
W2098469281,W6766120893,2001
W2098469281,W2102664288,2001
W2098469281,W2000690667,2001
W2098469281,W168610635,2001
W2098469281,W2155196493,2001
W2098469281,W2800860906,2001
W2098469281,W2510443011,2001
W2098469281,W2535433266,2001
W2098469281,W1548117670,2001
W2163183712,W1976160686,2001
W2163183712,W4243166203,2001
W2163183712,W2047046780,2001
W2163183712,W1961992291,2001
W2163183712,W2515913467,2001
W1838084296,W2099182613,2001
W1838084296,W2149204285,2001
W1838084296,W1998012358,2001
W1838084296,W6677543358,2001
W1838084296,W2165580095,2001
W1838084296,W2146680453,2001
W1838084296,W6636231484,2001
W1838084296,W2119510843,2001
W1838084296,W2161200279,2001
W1838084296,W2137919730,2001
W1838084296,W1968305696,2001
W1838084296,W1974403464,2001
W1838084296,W2120088048,2001
W1838084296,W2155880554,2001
W1838084296,W1605694005,2001
W1838084296,W1519168681,2001
W1838084296,W4214931671,2001
W1838084296,W2046245205,2001
W1838084296,W2036488048,2001
W1838084296,W1667165204,2001
W2099236231,W1977554562,2001
W2099236231,W1594031697,2001
W2099236231,W1504694836,2001
W2099236231,W3085162807,2001
W2105837702,W2069266228,2001
W2105837702,W4253237286,2001
W2105837702,W2141018272,2001
W2105837702,W2092499225,2001
W2105837702,W2045351380,2001
W2105837702,W2131189186,2001
W2105837702,W6630941084,2001
W2105837702,W6677833550,2001
W2105837702,W2117633840,2001
W2105837702,W2079688704,2001
W2105837702,W2139780773,2001
W2105837702,W3002800855,2001
W2105837702,W4250194384,2001
W2105837702,W2397253692,2001
W2105837702,W2108870690,2001
W2105837702,W6822325524,2001
W2105837702,W6630091539,2001
W2105837702,W2157710507,2001
W2105837702,W2071172532,2001
W2105837702,W2164547655,2001
W2105837702,W2009876874,2001
W2105837702,W2056046632,2001
W2105837702,W2026669101,2001
W2105837702,W2327525319,2001
W2105837702,W2144207197,2001
W2105837702,W2122710056,2001
W2105837702,W2074097040,2001
W2105837702,W2791199946,2001
W2105837702,W2610685016,2001
W2105837702,W2102337314,2001
W2105837702,W1518632544,2001
W2105837702,W3144114901,2001
W2105837702,W2097386504,2001
W2105837702,W2155843307,2001
W2105837702,W2138421366,2001
W2105837702,W4230066411,2001
W2105837702,W2036257153,2001
W2105837702,W1506619236,2001
W2105837702,W2118397016,2001
W2101275184,W6613934775,2001
W2101275184,W6777060225,2001
W2101275184,W2167482691,2001
W2101275184,W2066495677,2001
W2101275184,W64859905,2001
W2101275184,W6655953215,2001
W2101275184,W2075220720,2001
W2101275184,W2075264427,2001
W2101275184,W2024060531,2001
W2101275184,W65738273,2001
W2101275184,W2141018272,2001
W2101275184,W6678914141,2001
W2101275184,W6679971759,2001
W2101275184,W2113041963,2001
W2101275184,W2103453943,2001
W2101275184,W1550335805,2001
W2101275184,W2062303587,2001
W2101275184,W404240460,2001
W2101275184,W2021053884,2001
W2101275184,W3022981850,2001
W2101275184,W2127218421,2001
W2101275184,W370143576,2001
W2101275184,W4301221590,2001
W2101275184,W2135874888,2001
W2163322081,W1968305696,2001
W2163322081,W2086050593,2001
W2163322081,W6771850881,2001
W2163322081,W2147468287,2001
W2163322081,W4235036218,2001
W2163322081,W2148766288,2001
W2163322081,W4245891287,2001
W2163322081,W2171783003,2001
W2163322081,W1710511026,2001
W2163322081,W2170194433,2001
W2163322081,W2029182108,2001
W2163322081,W1965014786,2001
W2163322081,W2995575468,2001
W2163322081,W2158685692,2001
W2163322081,W3141454743,2001
W2163322081,W2019046028,2001
W2163322081,W2004762885,2001
W2163322081,W2146872957,2001
W1927747672,W1501486526,2001
W1927747672,W95676818,2001
W1927747672,W2055245094,2001
W1927747672,W2017992410,2001
W1927747672,W1992709202,2001
W1927747672,W2002906478,2001
W1927747672,W1574363792,2001
W1927747672,W2040822571,2001
W1927747672,W2152488956,2001
W1927747672,W1512096342,2001
W1927747672,W1572701995,2001
W1927747672,W2127330160,2001
W1927747672,W1495967075,2001
W1927747672,W2162164123,2001
W1927747672,W2060181055,2001
W1927747672,W1996002073,2001
W1927747672,W4241080567,2001
W1927747672,W2158496065,2001
W1927747672,W1554261912,2001
W1927747672,W1568387770,2001
W1927747672,W2006382572,2001
W1927747672,W2152301738,2001
W1927747672,W2158598102,2001
W1927747672,W1490445522,2001
W1927747672,W1486887976,2001
W1927747672,W3022981850,2001
W1927747672,W2024208603,2001
W1927747672,W1536219318,2001
W1927747672,W2102664288,2001
W1927747672,W4238557523,2001
W1927747672,W2011039300,2001
W1927747672,W1990772070,2001
W1927747672,W2313857088,2001
W1927747672,W2010605207,2001
W1927747672,W2521286344,2001
W1927747672,W1576284156,2001
W2135361094,W2119664536,2001
W2135361094,W2161752583,2001
W2135361094,W2026506423,2001
W2135361094,W1968305696,2001
W2135361094,W6660422637,2001
W2135361094,W1508297260,2001
W2135361094,W4242039080,2001
W2135361094,W2151364652,2001
W2135361094,W4245891287,2001
W2135361094,W2006070420,2001
W2135361094,W2040435045,2001
W2135361094,W2148511263,2001
W2135361094,W2914164063,2001
W2135361094,W4236283062,2001
W2135361094,W2146872957,2001
W2135361094,W2121760846,2001
W2135361094,W2040688751,2001
W2135361094,W2161581092,2001
W2135361094,W2126730365,2001
W2135361094,W2111818731,2001
W1997010704,W1618327071,2001
W1997010704,W1629950647,2001
W1997010704,W1592346261,2001
W1997010704,W2080745194,2001
W1997010704,W2002576896,2001
W1997010704,W1538106700,2001
W1997010704,W2051540665,2001
W1997010704,W2154191591,2001
W1997010704,W1493892051,2001
W1997010704,W2059867647,2001
W1997010704,W2080234606,2001
W1997010704,W2001183701,2001
W1997010704,W1659777598,2001
W1997010704,W2044246186,2001
W1997010704,W2145593504,2001
W1997010704,W2165753192,2001
W1997010704,W2148137544,2001
W1997010704,W2095158239,2001
W1997010704,W2019040312,2001
W1997010704,W1997261473,2001
W1997010704,W1971402995,2001
W1997010704,W2115049345,2001
W1997010704,W2057058417,2001
W1997010704,W2045533739,2001
W1997010704,W2069414131,2001
W1997010704,W2144146806,2001
W1997010704,W2113623631,2001
W1997010704,W2103126020,2001
W1997010704,W2068888615,2001
W1997010704,W2098983955,2001
W1997010704,W1514707655,2001
W1997010704,W4242068677,2001
W1997010704,W1965972569,2001
W1997010704,W2611754984,2001
W1997010704,W1498807656,2001
W1997010704,W2762990162,2001
W1997010704,W4298730000,2001
W1997010704,W1995484833,2001
W1997010704,W3021198272,2001
W1997010704,W1982991092,2001
W1997010704,W1969080501,2001
W1997010704,W1551652843,2001
W1997010704,W2131726153,2001
W1997010704,W2988480584,2001
W1997010704,W2788362138,2001
W1997010704,W1592953077,2001
W1997010704,W2092938419,2001
W2136744329,W2069266228,2001
W2136744329,W4210651582,2001
W2136744329,W4300655023,2001
W2136744329,W2096089615,2001
W2136744329,W1853300641,2001
W2136744329,W1984151090,2001
W2136744329,W2465807565,2001
W2136744329,W6629253554,2001
W2136744329,W2166858912,2001
W2136744329,W1502515488,2001
W2136744329,W1488064212,2001
W2136744329,W2045466327,2001
W2136744329,W2047805825,2001
W2136744329,W2102349167,2001
W2136744329,W2618814260,2001
W1838945765,W4245551499,2001
W1838945765,W2079533881,2001
W1838945765,W4237462920,2001
W1838945765,W2075893676,2001
W1838945765,W6651583858,2001
W1838945765,W2158231614,2001
W1838945765,W2132881639,2001
W1838945765,W1910357707,2001
W1838945765,W6633641246,2001
W1838945765,W3146226471,2001
W1838945765,W2017756939,2001
W1838945765,W2102940948,2001
W1838945765,W2071172532,2001
W1838945765,W2004762885,2001
W1838945765,W2079201812,2001
W1838945765,W4299848736,2001
W1838945765,W2143967859,2001
W1838945765,W1566976000,2001
W1838945765,W4235036218,2001
W1838945765,W2136452290,2001
W395227168,W6678125126,2001
W395227168,W4245891287,2001
W395227168,W2171373347,2001
W395227168,W7017115989,2001
W395227168,W4242039080,2001
W395227168,W2106588364,2001
W395227168,W6677384742,2001
W395227168,W6811938030,2001
W2157437154,W4255692800,2001
W2157437154,W2047046780,2001
W2157437154,W2121155062,2001
W2157437154,W4248807401,2001
W2157437154,W4250305371,2001
W2157437154,W2026506423,2001
W2157437154,W1532469653,2001
W2157437154,W2086050593,2001
W2157437154,W2096815466,2001
W2157437154,W2106588364,2001
W2157437154,W2147846431,2001
W2157437154,W4242483164,2001
W2157437154,W2059942088,2001
W2157437154,W4246709591,2001
W2157437154,W2148834483,2001
W2157437154,W1818387095,2001
W2157437154,W1560004219,2001
W2157437154,W2074126466,2001
W2157437154,W2120683899,2001
W2157437154,W2079257256,2001
W2157437154,W2146520578,2001
W2157437154,W2034694694,2001
W2157437154,W2159870644,2001
W2157437154,W2157254270,2001
W2133062512,W2026506423,2001
W2133062512,W2113598963,2001
W2133062512,W2166828145,2001
W2133062512,W2136163402,2001
W2133062512,W2015771077,2001
W2133062512,W1997952588,2001
W2133062512,W6634612580,2001
W2133062512,W2156186951,2001
W2133062512,W2173197174,2001
W2133062512,W2096704919,2001
W2133062512,W7033865084,2001
W2133062512,W4236888462,2001
W2133062512,W6629944338,2001
W2133062512,W6678325027,2001
W2133062512,W2150874632,2001
W2133062512,W2111916870,2001
W2133062512,W2096815466,2001
W2133062512,W4236283062,2001
W2133062512,W2095143229,2001
W2133062512,W2156343066,2001
W2133062512,W2069266228,2001
W2133062512,W6641051570,2001
W2133062512,W2022307671,2001
W2133062512,W2173672816,2001
W2133062512,W3024382315,2001
W2133062512,W2999068457,2001
W2133062512,W2053231439,2001
W2133062512,W1550232475,2001
W2133062512,W1496859413,2001
W2133062512,W2022573219,2001
W2133062512,W2148511263,2001
W2133062512,W2013741112,2001
W2133062512,W2161581092,2001
W2133062512,W2118497241,2001
W2133062512,W4313321020,2001
W2133062512,W2106588364,2001
W2133062512,W1974880270,2001
W2133062512,W2123445511,2001
W2133062512,W1992709202,2001
W2133062512,W1823329909,2001
W2133062512,W2147468287,2001
W2133062512,W2121932969,2001
W2133062512,W199749460,2001
W2133062512,W2040688751,2001
W2133062512,W1953059978,2001
W2133062512,W1578048103,2001
W2137080072,W2150231504,2001
W2137080072,W2092239677,2001
W2137080072,W1965079286,2001
W2137080072,W2145737999,2001
W2137080072,W2133737484,2001
W2152429567,W2107544521,2001
W2152429567,W2177231955,2001
W2152429567,W1613300538,2001
W2152429567,W2170810461,2001
W2152429567,W2118289343,2001
W2152429567,W1939210247,2001
W2152429567,W2084674624,2001
W2152429567,W2075220523,2001
W2152429567,W2066726855,2001
W2152429567,W1964757462,2001
W2152429567,W4240836069,2001
W2152429567,W1985054541,2001
W2152429567,W2111762167,2001
W2152429567,W2174680066,2001
W2152429567,W2047582673,2001
W2152429567,W2151931996,2001
W2152429567,W3123780293,2001
W2152429567,W2004565948,2001
W2152429567,W2165400294,2001
W2152429567,W1989748540,2001
W2152429567,W2094379083,2001
W2152429567,W2133836232,2001
W2152429567,W2219274063,2001
W2152429567,W2051754114,2001
W2152429567,W1979525521,2001
W2152429567,W19913867,2001
W2152429567,W562101589,2001
W2152429567,W3026356618,2001
W2152429567,W2117578467,2001
W2152429567,W144757834,2001
W2152429567,W1628126063,2001
W2157825025,W2086050593,2001
W2157825025,W2071353749,2001
W2157825025,W2082388593,2001
W2157825025,W6606237568,2001
W2157825025,W6634386295,2001
W2157825025,W2535433266,2001
W2157825025,W2157825025,2001
W2157825025,W6638804843,2001
W2157825025,W6770641979,2001
W2157825025,W6681913688,2001
W2157825025,W6607140240,2001
W2157825025,W2029182108,2001
W2157825025,W2147466267,2001
W2157825025,W2102664288,2001
W2157825025,W1837170016,2001
W2157825025,W2340102009,2001
W2157825025,W2538055499,2001
W2157825025,W1971784203,2001
W2157825025,W152237180,2001
W2157825025,W2319660501,2001
W2157825025,W143199027,2001
W2157825025,W1521554751,2001
W2157825025,W178638537,2001
W2157825025,W1509757908,2001
W2157825025,W168610635,2001
W2157825025,W1572701995,2001
W2157825025,W1490482062,2001
W2097236039,W2121155062,2001
W2097236039,W2060353874,2001
W2097236039,W1507146416,2001
W2097236039,W2114313114,2001
W2097236039,W4242483164,2001
W2097236039,W2537012553,2001
W2097236039,W1629017939,2001
W2097236039,W2788137376,2001
W2097236039,W2074126466,2001
W2097236039,W2530368279,2001
W2097236039,W1996136679,2001
W2097236039,W4299298909,2001
W2097236039,W2155843307,2001
W2097236039,W2001988157,2001
W2097236039,W2341283081,2001
W2097236039,W2610685016,2001
W2097236039,W2264140324,2001
W2097236039,W2334228287,2001
W2097236039,W2327525319,2001
W4233616858,W3140504487,2001
W4233616858,W2003205615,2001
W4233616858,W2013020033,2001
W4233616858,W2037001540,2001
W1722283283,W2138867322,2001
W1722283283,W2141247501,2001
W1722283283,W2088906910,2001
W1722283283,W2146920018,2001
W1722283283,W2236671400,2001
W1722283283,W1971071758,2001
W1722283283,W2119391846,2001
W1722283283,W2277865200,2001
W1722283283,W2014567702,2001
W1722283283,W23903483,2001
W1722283283,W2121979170,2001
W1722283283,W1991651582,2001
W1722283283,W2164881457,2001
W1722283283,W2232710831,2001
W1722283283,W2149906774,2001
W1722283283,W1833474242,2001
W1722283283,W2082246999,2001
W1722283283,W2118237022,2001
W1722283283,W2970563132,2001
W1722283283,W2051156737,2001
W1722283283,W2171678508,2001
W1722283283,W2067089692,2001
W1722283283,W1564557356,2001
W1722283283,W137557441,2001
W1722283283,W2123869145,2001
W1523163839,W2148035507,2001
W1523163839,W2100816864,2001
W1523163839,W2039180386,2001
W1523163839,W2152600964,2001
W1523163839,W2114341043,2001
W1523163839,W2998115525,2001
W1523163839,W2237767100,2001
W1523163839,W2129585587,2001
W1523163839,W1999244633,2001
W1523163839,W2125352809,2001
W1523163839,W2532506824,2001
W1523163839,W2236671400,2001
W1885351356,W1521028952,2001
W1885351356,W2160618814,2001
W1885351356,W2080193026,2001
W1885351356,W4285719527,2001
W1885351356,W1925623712,2001
W1885351356,W144267530,2001
W1885351356,W2180123772,2001
W1885351356,W1532402181,2001
W1885351356,W3144927435,2001
W1885351356,W2175461096,2001
W1885351356,W2106003753,2001
W1885351356,W2089902452,2001
W1885351356,W1894932800,2001
W1885351356,W2059768779,2001
W1885351356,W1976905776,2001
W1885351356,W2017925635,2001
W1885351356,W2275733371,2001
W1885351356,W2143981714,2001
W4243797169,W1993302048,2001
W4243797169,W2076687602,2001
W4243797169,W1566855994,2001
W4243797169,W1490340188,2001
W4243797169,W2987443893,2001
W4243797169,W40624216,2001
W4243797169,W2040639571,2001
W205495933,W1995483959,2001
W205495933,W207286245,2001
W205495933,W1952056635,2001
W205495933,W1554762107,2001
W205495933,W3146086156,2001
W205495933,W245277704,2001
W205495933,W1546788865,2001
W205495933,W2166657964,2001
W159592745,W2128490637,2001
W159592745,W1574515957,2001
W159592745,W2085315906,2001
W159592745,W2465771390,2001
W159592745,W2131065003,2001
W159592745,W1511328090,2001
W159592745,W566145378,2001
W159592745,W2055045524,2001
W159592745,W2153797770,2001
W2123807564,W1578048103,2001
W2123807564,W1516293359,2001
W2123807564,W591338758,2001
W2123807564,W2036469730,2001
W2123807564,W1493030655,2001
W2123807564,W2061286099,2001
W2123807564,W1542134978,2001
W1755843160,W2031471317,2001
W1755843160,W2077047259,2001
W1755843160,W2116283033,2001
W1755843160,W1582080790,2001
W1755843160,W2088135005,2001
W1755843160,W1992883930,2001
W1755843160,W1603089724,2001
W1755843160,W2154918927,2001
W1755843160,W2491091343,2001
W1755843160,W2146548103,2001
W1755843160,W2014843742,2001
W1755843160,W2229412420,2001
W1755843160,W2106073588,2001
W1755843160,W1975059575,2001
W1755843160,W585544826,2001
W1755843160,W2079466024,2001
W1755843160,W2060683998,2001
W1755843160,W2114782343,2001
W1596753297,W1525320742,2001
W1596753297,W2133229881,2001
W1596753297,W3147279153,2001
W1596753297,W1917700412,2001
W1596753297,W2046715323,2001
W1596753297,W2165729714,2001
W1596753297,W2054767162,2001
W1596753297,W2142499637,2001
W1596753297,W2996975554,2001
W1596753297,W2069231485,2001
W1596753297,W28543412,2001
W1596753297,W2089725657,2001
W1596753297,W2096545304,2001
W1596753297,W2134014314,2001
W1596753297,W2026072735,2001
W1596753297,W2131038462,2001
W1596753297,W2086724838,2001
W1596753297,W2111734174,2001
W1596753297,W2125352809,2001
W1596753297,W2018206168,2001
W1596753297,W2229412420,2001
W1596753297,W2029579328,2001
W1596753297,W2055277335,2001
W1596753297,W2100087065,2001
W1596753297,W2134643591,2001
W1596753297,W2008670488,2001
W1596753297,W2048790568,2001
W1596753297,W1994406579,2001
W1596753297,W1877567052,2001
W1596753297,W2072067430,2001
W1596753297,W2079466024,2001
W1596753297,W2146548103,2001
W1596753297,W2081357081,2001
W1596753297,W1972489345,2001
W1596753297,W2039256085,2001
W1596753297,W2131486261,2001
W1569739370,W2150864656,2001
W1569739370,W1495576529,2001
W1569739370,W2099958604,2001
W1569739370,W2169110267,2001
W1569739370,W2080193026,2001
W1569739370,W2104705574,2001
W1569739370,W2114844286,2001
W1569739370,W2077207492,2001
W1569739370,W1989692770,2001
W1569739370,W2150889058,2001
W1569739370,W2074919500,2001
W1486870421,W2048552527,2001
W1486870421,W2229412420,2001
W1486870421,W2397602977,2001
W1486870421,W577821348,2001
W1486870421,W2100652979,2001
W1486870421,W1979895833,2001
W1486870421,W1506885949,2001
W1486870421,W1493176029,2001
W1486870421,W2604372607,2001
W1486870421,W1571585906,2001
W1486870421,W1848438463,2001
W1486870421,W1993673415,2001
W1486870421,W2037716539,2001
W1486870421,W2075092205,2001
W1486870421,W2145822293,2001
W1486870421,W1505708335,2001
W1486870421,W1964786288,2001
W1486870421,W2093513099,2001
W2154515611,W1500893498,2001
W2154515611,W2046163665,2001
W2154515611,W2622928986,2001
W2154515611,W2097341432,2001
W2154515611,W1545461004,2001
W2154515611,W1576635857,2001
W1544805436,W2229412420,2001
W1544805436,W1984114748,2001
W1544805436,W1971071758,2001
W1544805436,W2155151793,2001
W1544805436,W3183923217,2001
W1544805436,W2080794591,2001
W1544805436,W1486420359,2001
W1544805436,W2119694942,2001
W1544805436,W3147851429,2001
W1544805436,W112169681,2001
W1544805436,W2075450034,2001
W1544805436,W1562450177,2001
W1544805436,W2093513099,2001
W1544805436,W1581111637,2001
W1544805436,W1487882758,2001
W1544805436,W2128575707,2001
W1544805436,W1969671970,2001
W2120602507,W1972489345,2001
W2120602507,W2022933958,2001
W2120602507,W1994406579,2001
W2120602507,W1562969631,2001
W2120602507,W1484144136,2001
W2120602507,W1996790570,2001
W2120602507,W2110576406,2001
W2120602507,W2750015627,2001
W2120602507,W1590218343,2001
W2120602507,W2016387985,2001
W2120602507,W1576343377,2001
W2120602507,W2166125750,2001
W2120602507,W1564127847,2001
W2120602507,W2577603956,2001
W2120602507,W2156343066,2001
W2120602507,W1595614130,2001
W2120602507,W1987959424,2001
W2120602507,W2055905282,2001
W2120602507,W2132669360,2001
W2120602507,W2164741953,2001
W2120602507,W2103504761,2001
W2120602507,W2913706141,2001
W2120602507,W2999068457,2001
W1587245653,W2146052399,2001
W1587245653,W1489539431,2001
W1587245653,W2082621526,2001
W1587245653,W3011612142,2001
W1587245653,W2065164181,2001
W1587245653,W1974509213,2001
W1587245653,W1480546554,2001
W1587245653,W2094699291,2001
W1587245653,W1971071758,2001
W1587245653,W1521160223,2001
W1587245653,W2054113582,2001
W1587245653,W1599005630,2001
W1587245653,W2135138099,2001
W1587245653,W2150134853,2001
W1587245653,W2998023265,2001
W1587245653,W1507654555,2001
W1498317890,W1992709202,2001
W1498317890,W2160396956,2001
W1498317890,W1997952588,2001
W1498317890,W2071353749,2001
W1498317890,W2011039300,2001
W1498317890,W2002252750,2001
W1498317890,W2147468287,2001
W1498317890,W1525605957,2001
W1498317890,W3162468165,2001
W1498317890,W1496844168,2001
W1498317890,W2135998248,2001
W1494920329,W2125039738,2001
W1494920329,W2045625914,2001
W1494920329,W2534349997,2001
W1494920329,W3146003443,2001
W1494920329,W2229412420,2001
W1494920329,W3145589230,2001
W1494920329,W2126053368,2001
W1494920329,W2142218318,2001
W1494920329,W3144437408,2001
W1494920329,W2129307378,2001
W1494920329,W2135609792,2001
W1494920329,W2142499637,2001
W1494920329,W2163324644,2001
W1494920329,W3143514300,2001
W1494920329,W2111734174,2001
W1494920329,W2047453311,2001
W1494920329,W2534315723,2001
W1494920329,W3150019587,2001
W56227424,W2129534965,2001
W56227424,W3163200468,2001
W56227424,W2162106299,2001
W56227424,W1498018727,2001
W56227424,W2158037930,2001
W56227424,W2164881457,2001
W56227424,W2119231080,2001
W56227424,W2165729714,2001
W56227424,W2096320880,2001
W56227424,W1495971627,2001
W56227424,W2094699291,2001
W56227424,W1599005630,2001
W56227424,W1962314142,2001
W56227424,W2100739392,2001
W56227424,W2161955943,2001
W56227424,W2113634802,2001
W56227424,W2098979973,2001
W56227424,W2132385550,2001
W26748518,W2171163714,2001
W26748518,W2097556103,2001
W26748518,W2125944019,2001
W26748518,W2104103774,2001
W26748518,W2129129667,2001
W2139319629,W2032325716,2001
W2139319629,W2083574922,2001
W2139319629,W1969944427,2001
W2139319629,W6664794628,2001
W2139319629,W1990323259,2001
W2139319629,W1896935527,2001
W2139319629,W2099341239,2001
W2139319629,W3140286667,2001
W2139319629,W6665086478,2001
W2139319629,W1981845593,2001
W2139319629,W2110821323,2001
W2139319629,W6602225820,2001
W2139319629,W2121574995,2001
W2139319629,W2141990954,2001
W2139319629,W6677908254,2001
W2139319629,W2117758409,2001
W2139319629,W2169371923,2001
W2139319629,W1626653188,2001
W2139319629,W2235901111,2001
W2139319629,W1975807121,2001
W2139319629,W2189134720,2001
W2139319629,W1578998830,2001
W2139319629,W2056816721,2001
W2139319629,W1491736154,2001
W2139319629,W2029223910,2001
W2139319629,W2058478206,2001
W2139319629,W167920528,2001
W2139319629,W2182932938,2001
W2139319629,W2154004471,2001
W2139319629,W2169875899,2001
W2139319629,W1979650518,2001
W2139319629,W126840538,2001
W2139319629,W162473485,2001
W2139319629,W2121226076,2001
W2139319629,W1964712205,2001
W2139319629,W2078950386,2001
W2139319629,W2168848990,2001
W2139319629,W2157111759,2001
W2121768666,W2156988816,2001
W2121768666,W2134965083,2001
W2121768666,W2277865200,2001
W2121768666,W1971071758,2001
W2121768666,W2146920018,2001
W2121768666,W2082246999,2001
W2121768666,W2051156737,2001
W2121768666,W3160104214,2001
W2121768666,W23903483,2001
W2121768666,W2121979170,2001
W2121768666,W2119391846,2001
W2121768666,W2131047862,2001
W2121768666,W2006007100,2001
W2121768666,W2117717353,2001
W2121768666,W2088906910,2001
W2121768666,W1964011539,2001
W2121768666,W2156760499,2001
W2121768666,W2043350773,2001
W4251086218,W2162984510,2001
W4251086218,W2069537876,2001
W4251086218,W2124804635,2001
W4251086218,W2078978762,2001
W4251086218,W2159152240,2001
W4251086218,W2229412420,2001
W4251086218,W6632235390,2001
W4251086218,W2152944950,2001
W4251086218,W1976308173,2001
W4251086218,W2089725657,2001
W4251086218,W2130538955,2001
W4251086218,W2107998312,2001
W4251086218,W2612016156,2001
W1590482746,W2021525834,2001
W1590482746,W1999616998,2001
W1590482746,W3085563693,2001
W1590482746,W1900939912,2001
W1590482746,W1519962307,2001
W1590482746,W2124524076,2001
W1590482746,W2105975314,2001
W4235639805,W2125638038,2001
W4235639805,W3144229920,2001
W4235639805,W4248931898,2001
W4235639805,W2016553144,2001
W2111967893,W2997945685,2001
W2111967893,W3004540582,2001
W2111967893,W1976584051,2001
W2111967893,W1996445144,2001
W2111967893,W2155412154,2001
W2111967893,W1973952022,2001
W2111967893,W2102151147,2001
W2111967893,W1621614599,2001
W2111967893,W4243755239,2001
W2111967893,W1976451576,2001
W2111967893,W2093513099,2001
W2111967893,W6696563064,2001
W2111967893,W4235692697,2001
W2111967893,W2062337771,2001
W2111967893,W3000211808,2001
W2111967893,W7026758661,2001
W2111967893,W2002850712,2001
W2111967893,W1974956622,2001
W2111967893,W6631116929,2001
W2111967893,W2116513967,2001
W2111967893,W2116743898,2001
W2111967893,W2146762185,2001
W2111967893,W55504023,2001
W2111967893,W4244433984,2001
W2111967893,W2154118576,2001
W2111967893,W2088484219,2001
W2111967893,W1578998830,2001
W2111967893,W1522335775,2001
W2111967893,W1526694294,2001
W2111967893,W2341600683,2001
W2111967893,W2365029215,2001
W2111967893,W2752885492,2001
W2111967893,W2562755098,2001
W2111967893,W2159452042,2001
W2111967893,W1993500142,2001
W2111967893,W2093766264,2001
W2111967893,W2148892491,2001
W2111967893,W3145128584,2001
W2111967893,W2135711052,2001
W2111967893,W4251498996,2001
W2111967893,W2483184709,2001
W2111967893,W2041603746,2001
W2111967893,W2250107905,2001
W2111967893,W2029195583,2001
W1582295676,W2998574808,2001
W1582295676,W2086050593,2001
W1582295676,W2035714779,2001
W1582295676,W1613201427,2001
W1582295676,W2150231504,2001
W1582295676,W2117690149,2001
W1582295676,W2127218421,2001
W1582295676,W2134056613,2001
W1582295676,W2102664288,2001
W1582295676,W1917719640,2001
W1582295676,W2111916870,2001
W1582295676,W144624054,2001
W1582295676,W2106870608,2001
W1582295676,W1533333879,2001
W1582295676,W2538055499,2001
W1582295676,W2166559705,2001
W1582295676,W1818387095,2001
W1582295676,W2107034998,2001
W1582295676,W1599608124,2001
W2121015075,W1735790193,2001
W2121015075,W2091757707,2001
W2121015075,W2232710831,2001
W2121015075,W1550394468,2001
W2121015075,W2149906774,2001
W2121015075,W2048729985,2001
W2121015075,W2092924973,2001
W2121015075,W1967005434,2001
W129049144,W2266027017,2001
W129049144,W1596090951,2001
W129049144,W2276741132,2001
W129049144,W2076077791,2001
W129049144,W2209710987,2001
W129049144,W2221939084,2001
W129049144,W94853939,2001
W129049144,W1572444538,2001
W129049144,W2249465015,2001
W1884010341,W2180274418,2001
W1884010341,W2132707736,2001
W1884010341,W1979454683,2001
W1884010341,W2985057205,2001
W1884010341,W1972641242,2001
W1884010341,W2071392461,2001
W1884010341,W2019433909,2001
W1884010341,W2091756462,2001
W1884010341,W2063583042,2001
W1884010341,W2161955943,2001
W1884010341,W243028186,2001
W262030973,W2043896016,2001
W262030973,W1545217472,2001
W262030973,W2018614448,2001
W262030973,W2043242530,2001
W262030973,W2145710978,2001
W262030973,W2078620636,2001
W262030973,W1575093627,2001
W262030973,W1488486154,2001
W262030973,W2109862258,2001
W262030973,W2071516467,2001
W262030973,W2052789583,2001
W262030973,W2043370278,2001
W262030973,W2168500507,2001
W262030973,W2051314392,2001
W262030973,W2293404936,2001
W262030973,W2009139756,2001
W262030973,W2236671400,2001
W2076191571,W2045282674,2001
W2076191571,W2106870608,2001
W2076191571,W2135075522,2001
W2076191571,W2011662180,2001
W2076191571,W4231807227,2001
W2076191571,W2136107311,2001
W2076191571,W1516293359,2001
W2076191571,W4402992091,2001
W2076191571,W1505969287,2001
W2076191571,W2157258520,2001
W2076191571,W2108541658,2001
W2076191571,W1987256605,2001
W2076191571,W1823329909,2001
W2049802678,W6697022237,2001
W2049802678,W190890065,2001
W2049802678,W1579078479,2001
W2049802678,W6675831307,2001
W2049802678,W2106588364,2001
W2049802678,W6841554303,2001
W2049802678,W4205156462,2001
W2049802678,W2576297379,2001
W2049802678,W2107068637,2001
W2049802678,W2532061124,2001
W2049802678,W2294340484,2001
W2049802678,W4285719527,2001
W2049802678,W1986519353,2001
W2049802678,W2610881169,2001
