node_id,x_backbone,y_backbone
W2100363191,-3.1499207,3.5128539
W4245217443,8.80077,2.5715907
W4241306103,7.331282,9.579706
W2051390054,5.880194,7.5926156
W2058462165,8.839222,8.048423
W4255904985,-2.3283641,3.7802355
W2155399968,11.679822,-1.621947
W4250305371,8.866366,2.2591279
W3041520455,10.695508,-0.705835
W4251595020,-2.720531,3.1957827
W1978819622,-2.8773751,11.030541
W2015489438,-2.879274,11.043509
W2033034731,10.935769,-0.89389205
W4255692800,8.135836,-0.033172965
W1523882855,-2.5429957,10.608057
W3085563693,11.688391,-1.6318283
W4242274056,-2.0399046,4.374944
W2085224306,5.0762553,9.532589
W2108458429,8.071093,0.85272634
W2054901814,8.068543,0.06334729
W2143119138,-0.8498573,3.9957283
W2059861094,-2.8394578,10.97649
W4246272943,-2.2806258,3.897373
W4242572228,7.515207,7.2578444
W2153280911,7.450194,9.163133
W2125975474,10.7419815,-0.72537863
W4250947857,5.400591,10.379726
W2104658797,12.747238,5.805927
W2146918884,6.1736007,10.996773
W4242483164,8.669577,1.7272813
W2131275470,6.046578,8.090799
W2171846534,-2.6444275,4.7976656
W4244354616,-2.5542967,10.61133
W4252643390,8.85747,2.6057494
W4239607958,8.804515,0.48972216
W4242926086,11.19015,-1.084563
W2114975239,11.029638,-0.97486407
W4245891287,8.104601,-0.08326767
W4253616902,-2.0802066,4.1558642
W4239411099,-2.8382983,10.683994
W2172049659,10.692909,-0.7044013
W2011317649,8.558556,1.4693532
W2079380280,11.313796,-1.1580708
W2098819183,11.376353,-1.1986762
W2092640130,11.670243,-1.6097406
W2117616757,8.241262,3.5939007
W2121925785,5.224741,7.1943884
W2151631470,-2.5820713,10.629821
W2158328065,10.509006,7.2096844
W4248054006,8.809034,2.6006813
W4246560761,7.467309,9.139383
W4237402756,7.5906277,7.1632605
W2120835680,7.5071893,7.6125145
W2160946550,11.159506,-1.0719427
W2133861655,6.827066,9.938623
W2171555216,-2.290204,3.7422154
W2294748468,7.0602393,9.07753
W4256306493,-2.5923688,3.1667747
W2126485681,5.8195276,8.553779
W2124294125,6.1066327,8.683128
W2101990964,11.333774,-1.1735522
W2121801675,5.7714443,7.667504
W2170100090,7.533115,7.326235
W2125944019,11.418403,-1.2473729
W2129129667,11.046121,-0.8166969
W2143967859,-2.2011888,3.8553772
W2113623008,13.235544,5.426683
W2122089115,7.472966,7.566886
W2120683899,8.933856,2.1428201
W4254180709,6.4950957,8.143287
W2051717600,5.737532,7.492254
W2127831599,-1.8521802,3.3087897
W2107666439,11.404703,-1.2322631
W2123762540,-1.6622766,3.618871
W1984245013,10.665476,-0.7102939
W2109241830,11.076594,-1.0154079
W4236083265,10.0640955,-0.18276222
W2151228210,-2.1216083,3.9318368
W2151475658,-2.3824973,3.7462833
W4240916208,-2.274081,3.6823258
W2086724838,-2.2053444,3.8606331
W2121760846,5.292995,10.275237
W2160319726,-2.7175865,3.5275357
W4248940208,11.297457,6.171701
W4236801884,6.139704,10.898778
W4238374365,-2.0164344,4.2736187
W2130773579,10.477793,7.2580633
W4245815701,5.9612026,8.566518
W2159610182,-3.0975578,3.597262
W4253862801,-2.5606432,10.628855
W2145535795,11.322019,6.552227
W2016592912,7.108433,5.914402
W2110080554,7.8880706,0.08115529
W1974269654,1.4643047,5.844902
W2166261239,1.6621733,6.237336
W3141878869,5.908201,8.558086
W2145519405,4.7614403,6.0082164
W2141018272,8.168466,-0.013822174
W2163114021,6.178322,11.064036
W2535916385,6.11259,10.945108
W2534553188,5.4510007,10.413042
W2096697416,12.830351,5.749589
W2535433266,8.807734,2.604135
W2026506423,8.3051605,0.17729934
W2040688751,8.637231,1.597208
W3145314891,8.031259,1.7178396
W4233757823,10.29216,-0.33542985
W2040662088,8.536146,8.07656
W2129192474,10.450519,6.8810525
W3140985161,11.376224,6.5701337
W4244566377,5.159677,10.333383
W2122295916,-1.7378027,4.046168
W2142326513,8.167718,7.955285
W2111452541,7.5383263,7.6096907
W3152112910,8.826655,6.4267397
W4214876992,-2.3119125,3.7822013
W1976651297,9.5177355,7.741312
W2103210990,10.067562,6.6163273
W2105109486,-2.5960014,3.2289672
W3140720226,6.9621267,8.557584
W4252181141,6.20687,9.721034
W3143189107,11.6830635,-1.6265061
W2156760499,6.623639,6.7366486
W2165204255,5.7251678,8.083104
W2128136904,10.871732,-0.7785327
W2135009558,10.922776,-0.81271905
W2116680597,11.7064,-1.6496391
W2106935574,5.9618964,8.492892
W3147963387,10.035109,-0.17045169
W4245386255,10.673604,-0.6872297
W4255574753,13.157343,5.442956
W4252716334,12.990039,5.633237
W3152441428,3.895903,6.1185417
W3140899032,10.596285,-0.6208334
W2122969187,11.192282,6.588818
W2138812339,11.4357395,-0.758967
W2137833347,11.430935,-1.2710636
W2099090501,11.355528,4.963323
W2167845088,11.075546,6.630798
W2163073181,6.3809795,8.437146
W2017018978,8.336972,0.22113217
W3148212283,11.716722,6.087988
W4245628801,7.416613,7.64854
W2134859956,11.367888,6.362863
W2011571639,-0.95256215,4.355235
W2100309672,7.9318233,8.1748495
W2107578535,6.609933,6.039717
W2165401058,5.635881,7.326501
W2112829430,8.005256,8.18844
W4254064697,6.1384144,11.025409
W1995483959,7.4465485,7.6240816
W2101654639,8.701525,7.975725
W3141943630,8.51838,7.9798517
W2121372454,10.511867,7.0038304
W2096127266,-2.8543267,10.706798
W2045625914,11.742603,6.149878
W3152088239,12.904479,5.7179976
W4250585725,8.928831,2.1311011
W2106297084,11.375555,6.438032
W2169704965,6.327098,8.372726
W1651915441,-1.9434018,4.0506816
W2152819341,7.4442506,9.2125025
W1970929543,5.53469,10.38255
W2144373617,11.266477,5.289737
W2104733168,5.2148824,10.328866
W2153587307,8.898663,2.256567
W2120686223,6.002452,8.706562
W2156613165,7.092807,9.191982
W2541915565,8.451837,1.3703891
W2119664536,11.782182,5.021504
W2165580095,11.459871,6.461504
W2019046028,5.1610074,7.0620947
W2034718992,11.531878,5.1509037
W1966359569,5.984045,1.4932442
W2058878000,11.730845,4.999827
W1979594474,11.570469,5.009555
W2099182613,7.6039457,7.188076
W1519168681,10.155993,6.7279725
W2126806883,8.662417,8.400158
W2025095868,7.421753,7.1475453
W2128938146,8.396956,0.2914287
W3150094105,8.46963,7.3676605
W4256596898,8.905953,2.505655
W1966887380,10.6115885,6.8207583
W1989077545,-2.5313702,5.881062
W3151445111,6.2815294,9.39815
W3148642751,6.7379436,7.078968
W3148572220,-2.829745,10.515994
W4236158674,5.1891623,10.312019
W3139588915,4.574285,5.9467807
W4235311325,-1.2457716,5.1378293
W2054150189,-1.7720792,3.9977067
W2152071441,-2.337581,3.6931381
W2107047260,-2.868526,10.789298
W2136626147,-2.5335684,3.0394561
W2135577168,6.1211414,0.4921918
W2105912313,-2.407392,5.0949836
W2119828234,7.991035,-0.13903204
W2097546366,11.405121,5.182386
W2155565025,11.512314,5.2759624
W2132317457,7.5543137,3.823705
W2115517714,6.413175,2.2503448
W2147588728,-3.025932,4.4576616
W1997901969,11.330494,5.000144
W2158711339,5.5993443,1.3747245
W2093903345,6.2426996,0.62558264
W3145373705,12.074061,6.041519
W3149516640,5.0310845,9.427745
W3141304108,-1.6755502,5.721903
W2009981255,-1.7031642,4.135167
W2538055499,8.919392,2.1869433
W3151945894,8.813816,2.7104847
W2094565799,-0.91263634,4.023895
W2039466918,11.378572,6.5922027
W1991484114,11.550427,-1.4773113
W2047286432,12.367422,5.4844313
W2137812155,11.423733,-0.76431644
W2100506742,11.460802,-0.77988416
W1991775252,-1.8577454,4.769644
W4254821833,11.222746,-0.66372204
W2155151793,11.782523,6.1479325
W4237729466,12.798394,5.770682
W3141009312,11.631349,6.2095623
W2069231485,8.841832,2.7283876
W2077202066,9.460401,6.6684756
W1982473353,9.420113,7.851891
W3146523492,6.0982347,10.929887
W2532506824,8.14137,2.33573
W4238211142,-1.1030802,4.504826
W2027549499,7.550747,8.505302
W1993631717,8.090074,7.9311633
W3150714937,-3.024737,3.5258417
W2097405194,8.022489,3.9214373
W2032501254,11.018726,-0.97118527
W2011658854,8.664897,0.5525337
W2066241849,11.47284,6.3817525
W2046715323,4.844807,6.1944237
W2088906910,8.7968235,7.1052165
W2029200786,6.0594306,10.871017
W2146224627,11.583958,6.1517377
W2071148027,11.870213,5.1958976
W1979829173,8.840175,8.337417
W3150888061,6.042545,7.4826093
W1977532084,11.027966,-0.7561837
W3151029127,6.0690303,10.8887
W3142817669,-1.9894724,4.273976
W4248244060,7.3095937,9.596887
W2042862761,5.6802273,7.521989
W2129302988,11.299356,-1.1622081
W2076506581,-0.84650224,5.2793503
W2107938227,6.228707,9.645344
W2087894568,4.6889324,6.0037003
W1560004219,5.2965026,9.803251
W1485251065,6.2176023,9.70953
W1894932800,7.3868327,9.12807
W2108870690,4.4455166,7.1981955
W1987831789,4.5158043,2.9935372
W1968305696,8.440777,1.2199696
W1571662292,8.572173,7.7619004
W2060435553,8.627706,7.4455376
W2913872186,8.814626,1.9472417
W2161752583,11.775164,5.040597
W1508297260,-1.7720983,5.6627727
W1617242785,7.99028,1.664221
W1599608124,6.2578835,7.992195
W2078812389,5.234145,10.171663
W2168256496,7.10541,8.430523
W4235911537,-3.164322,4.277987
W4248958904,-1.9790008,3.430535
W2164008124,7.973565,6.7305884
W2112395146,11.7797985,6.15927
W2106016501,5.12556,9.641404
W4249906271,4.97675,9.802285
W4246881331,11.089865,-1.020551
W4233881202,8.312356,2.5918057
W1978073473,7.632267,7.1479087
W4254368221,6.9345536,9.802722
W2149042946,6.1792855,11.009129
W4248807401,6.6144276,7.0189004
W2124524076,11.088798,-0.6714034
W2105975314,10.91969,-0.79285616
W4230044098,-2.8755848,11.013841
W4251628277,-2.9101024,3.570222
W2013088214,7.5778565,1.5510093
W4234440215,-2.5960472,3.1145072
W2020477716,-2.3224099,3.84976
W2063169555,-2.7930675,10.591831
W2066165316,5.20016,9.805997
W2137173216,10.968372,-0.9339236
W2112251789,6.112092,10.9417515
W2134554272,-2.4936152,3.5660388
W2152773509,11.405402,6.51337
W2157255966,11.287748,6.5807567
W2108818630,8.546176,7.943774
W1842298366,6.9505043,9.847011
W2113606855,10.601066,-0.6748431
W2166175381,-1.0712743,5.193146
W2097057472,-1.1857294,4.8971434
W2167112218,6.99289,9.149881
W2108896137,5.056017,8.236461
W2104284394,8.178851,3.196057
W2145347746,8.108987,2.4832358
W2150049246,7.332808,5.8571286
W2131493622,6.29977,1.4208492
W2027947870,9.369441,6.5780993
W2142822968,11.50458,5.143733
W1996994046,6.6990266,6.6995273
W2295335535,11.222946,5.3348107
W2101793629,5.0332427,8.191115
W2121698026,11.596661,5.2718225
W2152459663,6.664446,6.474205
W2108682302,11.300607,5.014058
W2162205142,6.3993316,4.8402324
W2037434898,5.3053384,8.021775
W1781211963,8.972344,6.2849517
W2142115640,8.016604,1.8647143
W3150164464,5.1949477,9.7360115
W2004187107,6.13119,11.000523
W2146310032,10.859222,-0.8452396
W2140504904,5.66598,1.7397449
W2135779886,-0.40128362,4.7724276
W2158870854,7.9748845,3.5509372
W3141978729,8.843537,7.095443
W1993766194,8.849112,6.406687
W1990028735,8.275045,7.0077524
W2293090538,8.029209,1.757902
W2109968850,7.4621325,3.9724069
W2138953494,11.327492,5.1197977
W2145800914,8.443077,0.37130427
W2047752816,3.2173107,6.855906
W2158707602,6.0047603,3.2025032
W3144372682,4.709472,5.9248075
W2102063402,-1.3587927,7.8685007
W2150415161,4.8894377,3.1370323
W3151224251,8.413814,0.8920656
W2159891107,7.8843436,1.5583621
W2117764062,7.1479692,7.242799
W2097754443,4.1108165,6.160695
W2141364561,6.903164,1.734417
W2125723408,9.819486,6.491831
W3139817559,6.596301,7.2443776
W2159860516,8.876387,7.047271
W2156038957,10.553951,7.127029
W2148715821,1.2709715,7.9450994
W2163702697,5.7489686,8.1646595
W2113539651,7.4393086,8.978973
W2119570434,12.228531,5.629101
W2132933030,5.326497,2.1405718
W1598669012,6.181211,8.071135
W2142079034,-2.212192,5.595893
W2109650788,5.744785,7.486254
W2114039576,8.653393,1.8765482
W2113171990,5.4708786,8.020049
W2165471068,-0.08799893,7.0053244
W2130190685,4.9912195,7.9065003
W2102495072,9.08022,6.0576234
W1601859143,7.8616595,3.5560348
W4233422246,8.345191,2.8495646
W4245245049,6.581885,4.6787014
W3151348532,5.77487,7.6095386
W2164038168,7.374727,4.0160985
W2129086861,6.588441,1.1164407
W2097216370,8.943987,6.950077
W2166947480,8.24035,2.540626
W2148511263,11.481248,5.0059323
W2141003035,8.023422,3.84466
W2112269749,11.487744,5.0550056
W2127798199,11.203371,-0.65008026
W1488041740,11.763502,6.1584244
W2140037310,-2.3128815,5.7044067
W2111400107,4.3994093,5.887009
W2167889627,7.747288,8.328826
W2124431309,4.052457,6.1091404
W2131361270,7.842588,3.1054506
W2154503164,7.9757514,3.1024206
W2097621063,8.035122,3.88169
W2099984385,11.952135,5.896884
W2119622165,0.8892029,5.162176
W2119584770,7.141668,6.56016
W2164042211,6.1559515,8.093455
W2149309906,11.652715,5.5488977
W2155222639,5.5785694,0.6551758
W4253983956,12.615363,5.8923416
W1973733286,10.027676,-0.1642393
W2098491773,6.2422457,2.430823
W2107593895,11.335831,-1.176176
W2142856765,5.122346,7.9168353
W2142501961,3.6334934,7.4105206
W3141149520,8.459643,0.6433958
W2150801751,-1.7286572,5.794924
W2108805659,4.0743947,9.089818
W2054342044,11.30137,6.577406
W2142125191,8.826403,7.077805
W2039236219,11.694802,6.1586256
W2101950132,5.3823442,2.1750224
W2099551238,-3.117939,3.4508257
W2141439248,-1.6951616,4.305281
W3142947634,8.408277,0.6467663
W2113315656,3.6015587,6.5908017
W2165003530,5.211493,8.565614
W2157025482,4.225517,5.5323567
W2144716277,5.598996,8.140526
W2118708089,7.628717,8.220423
W2544794140,11.288482,4.993565
W2152298929,10.869531,-0.8496486
W2107160002,10.220331,-0.2643161
W2123421747,3.931071,6.120873
W2149359100,11.030593,-0.6460403
W2095105262,11.702897,-1.6463658
W2133729338,11.354922,-1.178357
W2113048824,0.8656699,5.306522
W1755843160,11.815897,6.047634
W2132523665,-0.42165655,4.985535
W2140700264,4.7139516,6.739234
W2150085383,7.784768,0.14422387
W2130218153,6.793355,4.468313
W2144916034,-2.227315,5.257955
W2154047670,9.664419,6.488976
W2139982105,7.333415,5.527506
W2116154101,5.134777,2.2599044
W2161133721,7.9953017,-0.13793075
W2018246367,7.328261,7.211411
W2152935971,8.09912,3.1476345
W2097284091,7.269066,1.7357373
W2128769229,7.7265644,3.4082615
W2138979757,11.3325,5.0489144
W2098376727,-1.6486495,3.6156778
W2143308114,5.398438,7.9713035
W1496931487,11.788921,6.147112
W1544805436,7.360839,9.121879
W2163363303,8.128641,3.250891
W2540198878,7.543677,7.067276
W2104441030,8.163577,0.87375647
W2170839387,6.5098963,4.9114017
W2107679877,-0.08563124,5.2477584
W1551898434,8.146804,3.2388322
W2136365714,11.601164,5.1952
W2123415944,3.4580739,5.427874
W2106877482,-0.7467161,7.2967415
W2167302705,7.031053,8.463687
W2135704815,4.5995026,1.9513706
W2125141584,1.3907204,5.9247766
W2159181935,4.8489833,1.5892388
W1504523017,10.684779,6.8354306
W3142743534,2.3844395,5.692166
W2122140178,4.5880656,8.551901
W2128681085,-1.6700066,4.341097
W2090088512,10.283544,-0.3549461
W2156846700,3.8226342,7.8888817
W1613201427,8.04312,1.217663
W2127020419,1.4078681,5.4862337
W2120573711,4.87103,6.7907114
W3140513714,-1.7316507,4.064021
W2146856698,4.1515117,9.433027
W2147394532,-1.294458,4.403741
W2130875484,5.4833617,0.34175116
W2145195334,-1.1637397,5.0323234
W2151886579,-1.3991616,6.3250246
W2102098109,7.8426332,6.4976573
W2153620664,8.748893,6.462651
W3146761106,8.409599,3.0034277
W2100381092,9.337161,6.70599
W1520796046,5.1392374,9.682948
W1998404833,4.1401286,6.414353
W3140388725,6.32288,9.400209
W2134865795,-0.5141844,4.9291034
W2124199658,8.100651,3.1555977
W2121976441,4.352424,2.1993148
W2137531922,4.353769,1.7965677
W2107135270,7.0484047,6.512331
W1518163708,8.685683,2.855002
W2141763411,11.53464,5.0729437
W4232452729,10.596471,6.4042497
W2119386067,0.8238402,5.84279
W2145640629,8.041069,-0.12127131
W2111263072,8.437964,0.3588153
W2138447434,8.887815,2.3738787
W1997148655,5.0607553,9.574481
W2147823926,8.251852,2.5697212
W2136614128,8.508145,1.5106175
W2013996050,7.9039655,1.6525573
W2156186295,8.007558,1.244515
W2164244016,8.291444,2.7015247
W1512287614,8.145796,0.027827675
W2143275883,4.041795,6.530355
W2149028520,4.2151413,6.3942184
W1755209849,6.4663115,1.0885429
W2152922709,8.183204,0.044857316
W2077290111,8.870189,6.412903
W2000176158,-2.7982762,10.636351
W2162857739,-2.0750542,3.2644918
W4248481136,8.279759,0.19881718
W2145262290,5.2340484,7.215528
W2082471240,5.633017,7.44599
W1502600718,5.1920385,7.2002883
W2164223342,4.592201,5.853183
W4250128948,5.361611,7.2905703
W2044145621,8.477717,0.4490856
W2066585363,-2.8627791,11.025868
W2059907446,4.1890316,6.2613177
W2101246814,-2.068121,3.5900257
W2090239678,5.263246,8.177981
W2131263624,5.7695374,7.5396066
W2060669545,2.2991216,6.4103327
W2096080031,7.960755,0.91616654
W2166775858,9.018786,6.1750126
W2114005694,8.239826,2.790665
W4233070958,9.102236,6.1943173
W2063340904,4.909666,9.753013
W2069469539,8.473486,2.9488158
W2124091279,-2.5364926,10.60326
W2142495500,5.0891533,7.0816298
W2094584087,5.179616,7.2468195
W2102165283,6.8539224,9.928543
W2170061697,2.1034486,5.8720984
W2155540629,5.962858,9.144959
W2013194483,-0.23635145,4.8126216
W1961992291,1.7385073,5.3215084
W1977282698,-1.8740213,4.905538
W2152245018,7.973933,1.5530047
W2122863437,8.324389,8.604905
W2114313114,8.446486,0.39505315
W2144241057,10.239539,6.862665
W1975411458,4.1688848,5.395886
W2082571637,-2.715643,3.3473055
W2108808118,-1.6696945,3.9414833
W2168543113,-1.3029473,4.8853464
W2145598348,1.0989766,5.17123
W2142068257,6.1926823,1.31812
W2130438374,4.747958,6.0699553
W2068884506,6.8809185,9.8772545
W2055583132,5.064307,9.544451
W2146695947,8.896041,2.4425528
W2097236039,8.492119,1.0680981
W2113386367,5.961333,0.5070141
W2131548207,6.567427,2.2365968
W2119193164,-0.43880647,7.0640373
W1546650522,8.041411,1.7148907
W2140293566,0.28988764,5.354976
W2165467901,4.672495,6.017633
W4253932798,6.086684,10.799086
W2105552354,8.096508,0.87898093
W2143193594,8.799042,8.345104
W2139562235,5.10959,9.501809
W2138658268,5.7207317,7.5988054
W2110139872,6.169166,9.841336
W2157169664,7.100384,6.542132
W2104706725,7.276337,1.8464173
W2135361094,11.761718,6.1698785
W2156136663,7.9700313,1.757317
W2121955354,7.84843,1.5673552
W2168047527,10.16789,6.533567
W2157348185,4.4884367,2.7478137
W2158378644,6.581044,4.833519
W2167306162,8.052604,0.90536624
W2166530471,3.2173147,5.414192
W2108230739,8.3407955,0.27702275
W2125215841,8.066192,-0.08759533
W4249393364,5.1287613,7.0545387
W2137561086,4.571188,6.741801
W2124832696,5.142633,9.631055
W3147073592,-1.9597255,3.353531
W2096070028,4.7143593,2.7597022
W3145400876,6.5632987,7.2360225
W2146055051,3.2639554,5.7299976
W2106669190,-2.443545,5.1885734
W2100112610,5.6205845,3.845533
W2142244001,4.182064,5.5135155
W2114989451,6.688001,2.1152391
W2148056538,8.150636,2.5131748
W2150770193,4.522328,2.9836597
W2131898753,7.868225,1.4569913
W1593641494,8.208568,2.5383272
W2105535124,6.4393997,5.18445
W2137215532,-0.19163032,5.406939
W2056273964,8.814788,6.443816
W2162260630,5.8877287,5.292092
W2104075446,4.7049255,6.0264206
W2128712108,7.712454,1.5852224
W2111347866,8.095044,0.19742537
W2126585434,11.307227,6.032508
W2157437154,4.6475353,8.76254
W2671739255,2.1733172,5.8967614
W1735790193,8.269108,0.11193178
W2143938010,5.0810623,9.417376
W2045273912,-3.1174324,3.442642
W2151249461,-0.31242004,5.8534365
W2146279766,4.575577,6.0685983
W2140975946,1.1911628,5.386208
W2115085978,8.8842125,2.470573
W2138350120,6.5267477,6.583406
W2132774043,4.645048,6.0016623
W2122814890,3.650812,7.554944
W2138434937,7.234294,7.4114747
W1602782632,10.485107,7.2546463
W3151130557,5.1241198,2.0152767
W2034746304,-1.4398638,4.8206334
W2118908268,8.391431,0.7447622
W2046252734,7.1848307,1.930155
W2098241120,8.874737,2.4646828
W4230696817,11.425016,4.9710197
W2112426855,8.334454,2.854218
W2147997165,8.44562,0.41404745
W2001084593,11.189158,4.896443
W2139262486,4.6569295,6.0277114
W2123697491,11.134278,5.550251
W2158943277,4.1600857,5.371046
W2105894416,1.356944,5.18002
W2100045884,-1.5112951,3.8414485
W2029155494,-0.997956,5.2493353
W2169444167,-1.0764768,5.759304
W2069798399,-2.5806541,3.7240994
W1910357707,4.9601274,6.8561234
W1838945765,5.050158,7.0734367
W2114870486,8.943481,2.1033614
W2099166093,8.574117,1.3904402
W2113384415,12.311415,5.888034
W2129130427,5.330498,2.0555844
W2136645720,5.3496256,4.089916
W2133177881,3.922951,6.1415634
W2089657241,10.026915,6.5785823
W2116938231,9.248721,6.447121
W2171559156,-0.51207745,4.94548
W2150014546,9.257175,6.528722
W2148870222,6.315753,8.363582
W2088806764,4.5890036,8.8364105
W2100973677,8.898197,2.447255
W2166137283,4.1477246,5.395956
W2024475066,4.7353396,1.8602036
W1990419021,8.114524,3.1689951
W2096484428,8.116112,3.0719945
W2115890908,0.99528664,5.1638794
W2111122424,8.932377,2.157451
W2146481568,5.7518225,7.575153
W2155417171,5.125437,8.358614
W2154806583,-0.13010733,7.012769
W2138147496,7.418268,7.2266555
W2168318855,5.7582917,7.607781
W2285670967,8.862481,2.550229
W2111421274,1.016679,5.471831
W2167196980,3.6307292,6.50499
W2163713174,4.301481,6.017295
W2134582901,4.145157,6.2780952
W2135208092,-0.9863462,5.426173
W3146575037,11.387591,-1.2176101
W1968607212,-2.4480662,5.2245936
W1983948426,6.0285115,1.4721433
W2042724135,-0.117096044,4.8017364
W2070784608,6.104169,0.8690088
W1597839571,-2.8215313,4.660306
W2097345819,8.926331,6.294772
W2136496323,-2.508974,3.1685135
W2144034286,4.150692,6.345621
W2144304411,-1.9612769,4.0573378
W2158733641,-0.99229383,4.9700956
W2156700256,7.572855,3.7606208
W2167121457,8.033666,3.7803771
W2019428499,11.36216,6.0586314
W2133420504,4.751996,6.694586
W2148420597,7.899746,1.7720246
W2072589092,-2.1920726,5.078587
W1665560634,-2.383486,3.8236828
W2007672091,4.348067,9.485908
W2170656593,10.3061695,6.8125596
W2117914897,8.809255,7.0620995
W2131556053,6.0542145,4.7270555
W2103963076,-1.6729397,3.7380152
W2105893525,7.909083,1.6196177
W2130134933,3.984137,8.139151
W2099042970,11.374762,6.3209457
W3145047290,5.0844045,8.008218
W2164539143,2.5404954,6.7517943
W2099757839,6.989117,8.4801655
W2027322876,3.8502355,8.936851
W2095497903,13.130275,5.474638
W2115304611,13.2713375,5.3955965
W2099439276,9.046797,8.077222
W2100786833,8.960016,6.227231
W2110202581,4.3658376,7.092143
W1798643589,11.898733,5.7939343
W2150925050,8.097753,3.8955812
W2118877187,4.7044563,6.0112348
W2083209915,6.1654897,9.734315
W2112751416,-2.8703086,3.6268134
W1500473479,10.467396,7.062038
W2128596167,8.037358,8.1881
W2126152274,-0.39464697,5.4022536
W2098519781,-0.3762671,5.447075
W3141795233,-1.9089323,3.2962115
W2154069299,6.321634,2.326192
W1967471690,10.642483,-0.667523
W2104290891,1.3383667,5.422478
W2107792420,4.531194,7.907631
W4242777928,5.822785,7.6542726
W2116153763,11.6325655,5.030438
W1775412516,7.426069,7.0801215
W2064854394,11.301504,5.1583867
W2129543445,11.741354,6.15942
W2159521238,6.5853395,7.377689
W2020248080,6.5711656,7.279626
W2153039146,7.9620667,1.7891617
W2166761942,5.0908227,9.454395
W2147053292,-2.767939,3.7887216
W2037909550,-1.3878363,6.386029
W2055948336,4.7177916,6.7206225
W1518156650,1.3674933,5.486199
W2026662997,3.2325706,6.8436646
W2753396776,2.2670166,-0.15863638
W2117161218,4.29799,9.224406
W2943864384,2.2618978,0.4098932
W1939177925,3.6298277,3.367321
W3118966158,2.123575,0.05907893
W2943863288,2.2866375,0.396716
W2751305043,6.1452026,0.46374676
W2052209137,6.168269,1.2124114
W2161307069,5.658262,2.5589697
W2032161135,4.530819,3.927225
W2517066960,5.723512,0.05164536
W2503325364,3.650829,4.159075
W2751731070,2.2696404,-0.21292008
W1999976769,9.113748,7.2973757
W2500960910,-0.8523445,7.035466
W2402245555,6.083768,2.8626235
W2412593044,2.3671558,-0.4344988
W1983359980,6.8693576,2.6395004
W2135415614,7.9528394,-0.17296879
W2510750606,1.324745,7.951388
W2080526455,1.3133588,7.657337
W2506678472,1.641811,5.8268538
W2542889218,5.73404,0.18639469
W2892051885,6.9159474,1.4149445
W2956281901,6.8587775,2.4770126
W2751722336,3.666358,3.5982676
W2753713840,7.081312,1.3512381
W2343061342,7.707033,0.3089051
W2752332392,6.982022,1.2930485
W2512274390,7.3911514,2.0915356
W2965446359,2.3193643,-0.2704665
W2752194699,7.0758486,1.3435122
W2804604520,2.3731403,-0.44278705
W2607223307,7.958246,2.0807521
W1966087765,5.407575,0.37235653
W2888723145,6.2429137,3.9918745
W2883424428,6.893503,1.4679878
W2010058478,5.765674,-0.36184764
W2512304460,6.9822125,1.101946
W2013172302,-1.815138,5.689036
W2751298778,6.94766,1.5059079
W2073800769,6.216478,-0.36316374
W3006437051,4.194732,4.381293
W2157530472,4.543376,3.1700578
W2037894060,7.0629444,1.7758518
W2886614482,8.37072,3.629535
W2891130433,1.3049444,8.373403
W2514121275,-0.6552215,7.9902196
W1928219753,2.9830296,5.289105
W2969670093,1.4488419,8.084891
W2964200170,6.917356,1.4061811
W2971236179,2.2712317,0.43638706
W2625478334,5.9026384,-0.12137813
W2969980980,2.2736158,0.44086587
W2751746637,2.3089888,-0.17076679
W2507539066,5.762981,5.5149803
W2751378044,1.335641,8.342364
W1912056476,3.360361,3.5576022
W1920629946,1.4363554,7.8435698
W2888090831,3.2472482,3.5985386
W2163965546,6.8644443,2.582192
W2037133710,6.8824096,2.5469828
W2050469140,6.617813,3.9262016
W1993503217,6.00689,5.0102525
W1991676464,5.9636526,5.019804
W1990293817,6.9968934,1.0318387
W2087382273,6.7202992,2.5255795
W2028678069,4.8082576,3.0377307
W2005948381,7.284675,1.9319065
W2062052951,6.761827,5.9121776
W1915551841,5.9080935,3.8910193
W2750605487,3.5585537,3.5704467
W2511469011,6.5520005,3.9451272
W2069228960,7.2826886,1.7000573
W1965102791,2.258562,5.913603
W2889883176,4.707886,4.524386
W2169870976,5.475675,3.1320448
W2941265453,2.2703416,-0.22946411
W2751642492,1.4767749,7.9736977
W2753426599,3.6395986,3.4631894
W2115556748,8.067398,0.8721319
W2969225252,2.1639552,0.049914766
W2890481183,3.064522,4.650169
W3041984699,-0.4063558,8.317854
W2795875919,4.995091,2.7920625
W2959752065,0.32642743,8.198055
W1964473154,5.8504667,-0.1597229
W2784241156,6.6555495,4.60918
W2896774728,2.2703831,0.41122445
W1600949175,-0.584942,7.8193955
W2960145016,1.0293009,8.640161
W2058190445,-0.7026597,7.800511
W2970313859,3.0704153,4.718966
W2752586131,5.655227,0.6390021
W2888355804,3.843386,3.8400772
W2969407555,1.0601789,8.573653
W1970569592,6.0381336,-0.3958029
W3021941048,3.2049708,3.7594304
W2956950611,4.7852426,1.8053563
W2888491142,6.1140494,0.6533986
W2044222306,8.022959,2.3910959
W3147420708,4.6749725,2.1234214
W2510476599,5.684208,1.166554
W2752648449,6.2604494,2.5549183
W2155123448,5.07637,2.2219617
W2110890346,5.612669,0.8534211
W2099223662,8.005619,1.3361995
W2021001446,6.107612,2.6238368
W2064459199,-0.70955807,6.4838896
W1979246995,-1.1282396,3.8550093
W2001542951,6.907491,2.444713
W2094755907,4.2715454,3.3081026
W2905653271,4.6830807,4.5229125
W2752202880,5.658054,0.82317275
W2075038621,7.954581,1.7258524
W2052791563,4.56443,3.7693222
W2020098460,3.3310034,5.933156
W2009878817,6.3790493,3.9596376
W2849321328,-0.55877537,7.9514055
W2597405392,3.4055955,4.484375
W2115408412,3.2050664,5.4873333
W2969936214,1.9053496,6.856589
W3085029443,6.5887923,5.891189
W2959136619,3.4699478,4.384767
W2054054049,6.351736,2.729738
W2476149316,6.8435,6.153117
W1959365993,5.9029655,-0.20054601
W2513374982,3.646451,3.3910458
W2891451635,5.47355,3.9492147
W2470432365,7.4672346,3.9626448
W2020369652,5.339875,8.091864
W2001487069,6.502184,6.4503436
W2049652219,5.3230553,0.5220788
W2486648592,5.2931743,2.1342857
W2042044826,7.3481607,4.190364
W3035461111,2.395225,-0.4822079
W2105832013,7.458694,3.8897843
W2513655887,-2.221895,5.8148203
W2488113179,5.981155,0.5565778
W2752870980,3.2615287,7.1064215
W3092732263,5.2256947,4.3979497
W2973221207,4.6358356,4.1554394
W1984811500,0.8450926,5.174561
W2149482703,3.6791575,7.3370013
W2904982178,3.2236855,3.7683718
W2753615759,3.686487,4.283233
W2972458663,3.4990122,3.5730464
W1988424866,-0.8289425,7.0039563
W2460847700,4.0330586,7.1899004
W2969826675,0.93876207,8.686514
W1513214262,1.26832,7.5247645
W2507350365,3.1481116,4.689642
W2968865716,2.2188518,0.40351975
W2888449044,5.590442,4.364043
W2969838481,4.932299,4.767963
W2509053658,4.6697216,4.6539035
W2969631174,5.773012,4.361884
W2015755066,7.0085583,1.1253949
W2057753721,-0.5476257,4.6595016
W1582500501,5.2086697,0.7369444
W1963992598,3.4420784,4.3706603
W2007241592,4.818283,4.2430654
W73593153,7.1486974,1.5791674
W2080417696,7.580094,1.7330277
W1966457016,6.7388644,6.0502925
W2612821743,3.6024902,8.884653
W2129795311,-0.1692924,5.411344
W1973012451,7.7964897,1.5081387
W2168629730,6.1843767,1.0534556
W2905087913,0.83816564,6.628076
W2090687959,7.006416,1.1902354
W2073156145,4.7161345,1.7768722
W2728808607,7.5536823,5.8071465
W2512158941,-0.0202095,8.101338
W2007546607,6.59616,4.669056
W2888564181,5.9245043,5.3843985
W2045317751,2.2275016,5.9263096
W2183210971,2.7948174,7.810722
W1988711344,6.4253736,1.083851
W2142493242,7.9223213,-0.16292511
W3097287971,0.7968995,8.706164
W2727360418,4.286335,1.8557036
W2888660171,7.028962,1.2306765
W2134823802,4.1916122,9.39901
W2039113609,3.539036,7.4234767
W3022483867,4.69661,1.1517406
W2750703340,4.3370295,2.0119336
W2189401668,3.4862773,7.2933965
W2051088039,7.6946945,1.8936542
W2888207115,1.1457762,7.7899256
W1949897911,6.691932,4.58941
W2057828920,6.277101,2.2834313
W2401233234,5.4336047,2.236246
W4289373910,4.6909842,1.1501377
W2043523210,7.9103646,1.8436394
W2108713782,8.002714,1.263406
W2513302583,4.6963596,2.0088403
W2753766497,6.9292865,1.0678315
W2904287913,3.0071795,4.6864257
W2129488645,1.6643333,6.2897873
W2049919446,-1.1897736,3.7030354
W2167976873,5.5572095,1.3836687
W2956831428,2.3685791,-0.4429959
W2039163945,6.576822,4.6611176
W2184850861,4.9733677,9.591927
W1953652583,5.6199074,-0.36223435
W2905178843,2.678246,6.4945745
W1980209219,7.9756947,1.452179
W2108982845,7.768221,0.2173567
W1893161884,5.918247,5.093244
W2969737323,3.1537318,5.0784616
W2795407300,0.50618756,6.4641404
W2752840441,0.27069226,7.476634
W2157900633,8.06023,-0.09984814
W2236479588,5.9759207,3.9214883
W2161768947,5.746203,-0.19204374
W2002544066,6.3622804,1.0691751
W2969683715,7.489779,5.7997155
W2469097875,9.702257,7.3151703
W2731005363,0.9996327,6.0419455
W1896226795,7.990055,1.4807777
W2516678343,7.9880395,-0.15908349
W3092406696,8.625184,4.095552
W2978679454,5.8798265,4.334945
W2753693229,6.887103,2.5215633
W2888032845,5.8971405,4.019972
W2077385168,5.855262,5.0492225
W2962972423,5.818091,4.515082
W3092052003,6.0865216,3.9579782
W3118521601,8.803163,4.267029
W2753676244,3.1667526,4.67238
W2081459780,5.7489367,2.8934646
W1588659438,-1.6752816,3.4381773
W3092277776,2.0095372,0.16366857
W1982785963,1.3444775,8.244851
W2172232043,6.169142,2.6393902
W2888650943,2.1994026,0.4559204
W2888104250,1.1284369,8.559211
W2893883473,3.5260851,4.2816367
W2810117028,2.4102917,-0.48492226
W3092024845,-0.6285683,7.9226856
W2142865875,7.1757793,1.7210076
W2114854118,7.133258,6.5611606
W2600662290,5.4525127,0.32954577
W1899382931,4.731634,1.1063867
W1987332428,4.5406213,6.637176
W2014700278,-1.8086479,4.7900386
W2903837810,5.7546544,2.907904
W2753539354,-0.79996896,7.044808
W2015981675,1.3872348,7.0007987
W2753409831,-0.5244478,6.9432507
W2416356973,-0.83235127,6.1944747
W2473098174,0.13935383,7.778124
W2103927771,5.9215093,5.2706046
W2969522460,2.3034654,0.39828163
W2095759957,3.2373667,5.4136386
W3046069880,2.7509034,7.080257
W2900172775,6.894577,3.4189541
W2969710575,5.687375,-0.40238434
W3120938471,0.20132314,7.0220556
W2888276855,0.8671439,8.55618
W2129117379,6.8218493,6.376908
W2081315591,6.8362365,2.6227236
W2969927592,9.560111,7.266016
W2063910672,-0.034366775,8.070321
W2009662901,3.5635858,5.535343
W2168573280,6.366815,5.0382915
W2513057949,-0.53744876,6.23216
W2135638333,5.605281,-0.3937514
W2752703512,0.27487725,7.8589272
W2087665966,2.350552,5.874466
W2112837953,4.0732584,3.4544027
W3046252510,4.678559,1.9724714
W2152670036,5.683226,1.5181993
W2495571292,4.052314,3.5020688
W2958763127,7.0739536,5.7704134
W2056638635,7.81052,1.4903436
W3042697744,2.395813,-0.48279005
W2140381488,4.2078238,5.2786665
W2081139127,2.3753636,6.2719913
W2161587450,6.274823,2.2803295
W3080570305,4.3863654,1.5109211
W1980799317,7.076783,1.5428015
W2144296370,3.170374,4.6052313
W1897729025,1.4503304,7.860574
W2009658718,2.2440646,5.970084
W1963502684,-1.386037,4.6804934
W2067686570,1.758393,6.498143
W1901365844,4.3170166,2.062188
W1978447965,-0.72867626,6.2631383
W3118541802,0.67290586,7.9193115
W3092997279,1.2518237,8.377986
W2883244140,6.059479,0.26866883
W1988234697,-0.8796802,6.441127
W2507517175,7.023642,1.3829111
W2006284054,6.120218,8.047183
W2751503718,3.5909667,3.5231194
W2142304282,6.207777,4.029666
W2518340594,3.041645,5.5556526
W2008795456,2.2773368,6.512959
W2888018391,4.9046035,2.0858665
W2969940513,5.9430404,-0.055017143
W2960380130,3.681239,4.3245134
W2146266364,5.557378,0.82618755
W2090747210,5.351709,4.3938756
W2514496145,4.8455944,6.7409163
W2295609766,5.112052,9.31015
W2073965571,3.446045,7.3463116
W2470422954,5.8803205,5.270615
W2729788219,-0.17883827,6.3020244
W1605018553,-0.5353076,6.2059264
W2156017999,5.023804,2.2343433
W2167797188,6.5829363,4.677624
W2170083989,6.3893976,4.982281
W2853934102,6.8876376,1.4732443
W3081850804,1.2916605,8.414086
W2906577465,1.7190043,6.7287345
W2753739056,4.506632,4.3236465
W2083739891,0.21472141,7.873709
W2888128203,4.821383,4.3936224
W2011735049,7.492578,4.1608152
W2147512934,4.5458374,2.1149487
W2016016887,7.712253,1.6288947
W1974584593,5.791825,0.64078414
W2070626686,4.73323,2.777374
W2033074184,3.883751,6.409828
W1987269142,5.737615,-0.014305478
W2145459236,-2.4364872,5.606011
W2888652842,2.41518,0.58829695
W2888611489,7.791472,0.15323174
W2058199791,3.8988063,3.9711037
W2171892642,1.6583055,5.668876
W2999308857,6.1071,0.355904
W2815772147,-0.39157426,5.985443
W2966331853,1.5021563,6.936795
W2116697164,3.08683,6.9289446
W2132706063,-0.0037318876,6.0876513
W2515158665,4.73876,4.6723843
W2475195788,5.9452744,-0.37145293
W2124113885,5.394261,8.048686
W151364726,8.897118,6.4243145
W1505871258,11.646988,-1.5891749
W2135100707,6.278862,3.7242413
W3144229920,11.38613,-1.1809739
W2091115823,11.396783,-1.208017
W2144801457,11.203711,-0.6633644
W2119026951,5.6083946,0.18397802
W2127980861,8.859893,6.386528
W1982271317,6.0765104,0.7844738
W2042180810,3.4831982,4.0891356
W2109657057,7.964495,2.0130143
W2095995627,12.133366,5.5988207
W2099057501,-0.66168535,4.8794527
W2046933226,-0.20819563,5.5414586
W1604082823,8.989725,4.370855
W1965305253,4.4819193,5.6736403
W2127094813,11.687869,5.0022154
W1990779238,11.605388,5.1242375
W1480146631,-0.8663829,4.2897353
W2001749563,6.0273023,4.8730083
W2147855158,-0.6370508,6.4664445
W2102530643,7.1233044,1.4936812
W2142265837,4.1208925,6.270343
W2107917848,1.8501331,6.7998743
W2126846369,2.8970573,5.313699
W2106692000,9.973626,7.3437614
W2888068719,6.214315,3.888001
W2753527800,-0.055460565,6.356427
W2142345929,13.247221,5.419483
W2171233110,-1.0221663,5.5752387
W2036249405,3.197673,6.8475413
W1964056524,6.292111,6.415428
W2060829018,7.026076,6.512957
W2147062644,6.239216,1.0453995
W2097798402,0.8257537,6.352518
W2019310659,2.9971473,7.9365535
W2096510084,6.110663,4.5997143
W1920826835,11.620286,5.5589466
W2157514509,4.721908,2.673051
W2058218763,6.8152175,9.115576
W2147905049,5.037758,4.2673025
W2120290740,11.294362,6.0289145
W2169113748,6.0750556,4.1483335
W2006329201,3.0255208,7.801796
W2155132021,11.440903,-0.7543868
W2147109806,6.15732,4.825294
W2104832179,8.023324,3.8079877
W2509421351,4.590799,3.9809408
W2167117443,-0.8394929,7.0988135
W2969331663,-0.40327135,5.4186897
W1990559478,-1.5243992,5.7847023
W2055061536,9.324615,6.7937803
W2162825485,6.8259974,1.3878145
W1967994289,3.0604374,4.7600784
W2144968255,5.7006545,0.56907296
W2020226548,11.8537445,5.4615684
W2969779351,0.8727828,8.747104
W2029681577,-1.6602794,5.979453
W2904442985,3.9875183,6.8421397
W2514026717,4.7844768,4.492994
W2078077326,-0.59710884,7.316287
W2151583791,6.162923,2.6603518
W1932275522,6.6406226,2.6704829
W2518571988,3.9019027,3.8915536
W2475286089,11.719472,5.5087643
W2156204145,7.2419457,0.8835273
W2049885731,5.6648498,1.4515098
W2125100130,0.9345018,5.1999564
W2096544239,5.4246063,2.1005669
W2149431522,8.105265,3.239572
W2134166817,-0.7423365,6.224778
W2047681559,-1.7253518,4.067229
W1980602368,1.2973043,6.684478
W1906437785,4.8001676,4.6502776
W2152620919,-1.380186,3.7436416
W2171511904,4.923029,2.7907937
W2732758306,7.618092,5.832498
W2518604289,6.0316586,2.9597812
W2044988964,4.1873837,5.364835
W2908972697,3.6526725,3.6202147
W2751777857,3.267126,5.1108027
W2888554701,6.9836497,1.2383512
W2799246381,6.780817,2.5780187
W2112179747,8.107496,2.4588885
W1988061708,7.078451,1.3261422
W2129815685,6.1452494,0.48160645
W2891628559,6.293649,0.68836516
W2035955531,5.4886537,1.3922888
W2941752661,4.0285115,8.155577
W2108843124,1.475036,5.3552027
W2017521531,7.069503,1.2253429
W2081341882,-0.74906266,7.2031384
W1952173784,7.1563163,0.8896286
W2891592782,3.9334068,4.070429
W3023951087,-1.3257933,6.5183024
W2950237981,0.7739586,6.674645
W2120098605,4.3643026,7.144315
W2144721682,4.6331673,2.8160105
W2075121582,7.9092555,3.8129053
W2516530101,3.7884283,7.283902
W2098839872,5.2083583,9.651825
W3091841891,2.3988397,-0.49260294
W2507341542,5.2109222,0.754732
W1990401068,4.671216,3.1296642
W1974399269,-0.23049921,5.3847833
W2126952686,-1.5830861,3.8227355
W2156440763,6.4088206,1.0910801
W2065873970,-2.826129,3.5127194
W2847848426,9.426399,7.66773
W1992743299,5.8766212,-0.40224817
W2856718477,5.5783544,-0.38917905
W2113534353,5.5443106,0.28067476
W2961269636,5.7104115,-0.40482816
W2819013036,5.246696,1.5135497
W2969977939,3.7727542,8.622815
W1937626386,6.999844,3.3931706
W1995073788,6.055267,4.705841
W2113958639,-3.103913,3.3968413
W2888847922,4.3782077,1.6201626
W2990372444,6.7205024,6.525521
W3092234597,6.146839,0.68986917
W2969696778,8.171312,3.1873543
W1530372876,11.625459,5.0282893
W2518599754,11.691219,4.9774017
W2888545965,5.36525,4.072041
W2969478830,6.8575478,1.2262514
W2967623726,6.1678815,0.71401936
W3111386272,2.7882137,7.822366
W2959442326,3.9668095,3.5015304
W2966386095,6.9199595,1.8665465
W2725765016,8.097292,2.4796462
W2753584194,6.204746,2.6149328
W2795391948,4.9863567,4.3025637
W2102848110,7.050654,1.1762176
W2087878135,6.9952035,1.1232272
W2114651926,5.7632976,0.48641297
W2610687266,3.909703,4.0394154
W2103484089,7.135627,1.0293652
W2407529156,3.5620606,8.281757
W2513780624,6.79168,0.94330126
W2883568341,6.0928836,4.4945774
W2023468127,7.1832056,0.91609865
W2050674259,7.6837773,1.4985836
W2148269024,4.9980617,9.521885
W3092587559,4.4706845,3.0445306
W2007209104,5.859202,5.2195253
W2097089704,6.2629175,2.8311918
W1948184167,-0.058680102,6.398583
W2955103500,2.0085657,0.18875833
W2183028069,0.6397535,8.706275
W2750652038,11.3239975,6.0047264
W3092695393,0.4827596,8.288163
W2117088188,8.004065,1.737176
W1912392752,3.5175521,3.6483736
W3092626593,0.84035504,8.759294
W2112250557,1.3567578,5.2064233
W3029953967,5.81899,5.4433894
W2048389037,-1.5701632,5.5551043
W1989510471,6.902053,2.497713
W3043404646,3.9257805,4.144801
W2789066399,6.1772184,3.8654966
W2904142705,1.3322309,7.913529
W2148713609,2.6069663,5.6268964
W3082457272,0.18862382,7.891086
W2060804491,7.2192397,1.7160587
W3144047545,-3.0533123,3.513043
W2507514876,9.255065,4.659942
W2888011329,2.1712592,-0.056341026
W2028822613,7.1408224,1.5256158
W1916693793,6.283002,4.801444
W2732947513,3.4487507,4.302405
W1930745793,-0.096617736,6.263139
W2507878054,5.169324,4.3419623
W1966218348,6.814618,7.0216975
W3081384039,0.91166383,8.744535
W2870728449,-0.31111458,5.8041916
W2973158165,1.2861079,8.407857
W2888433281,3.5443516,3.5749218
W2978716154,3.2075968,3.9291043
W2940968358,-0.48993608,8.425097
W1998703808,-0.19740885,6.5744805
W2149406594,6.014116,5.1270905
W2043105435,1.3588725,7.606118
W3094221028,5.571729,1.37969
W2958798669,13.247193,5.414696
W2098417174,7.9819365,1.4974588
W2141752259,7.4804378,5.824897
W3026065740,13.226574,5.4312787
W1591017069,7.997882,1.8917959
W3030168100,11.582742,5.525273
W2112439337,4.372787,7.339387
W2084776154,6.901859,1.4277827
W1907813777,-2.3216357,5.4871745
W2013728941,6.4216595,2.2023187
W1540016502,5.225092,0.74594027
W2027714334,6.4387584,2.277934
W1945230793,6.071616,4.2065635
W3030528496,2.8472745,6.7861543
W2088378580,5.3142357,4.2943616
W2468565665,6.209328,5.962951
W1918045654,1.4498855,7.8349595
W1581627361,6.465146,5.0101614
W1989505216,5.7283273,-0.066302344
W2952342347,6.145197,0.46485132
W2127775323,4.1136255,5.3914275
W2837370974,11.628904,5.0731497
W2109911343,5.5694523,0.6384766
W2140425659,0.9167378,5.159728
W2795959502,3.5901194,4.212683
W2109761310,4.6931505,6.0400333
W2065488074,6.138014,4.7928047
W2517256332,6.901641,1.1332997
W2796075754,3.7971013,6.654697
W2517444746,6.294163,3.9175696
W2888476620,7.982047,1.9426311
W2067022444,5.7499866,1.0935216
W1960941941,6.899688,5.991367
W1992613028,8.016266,3.684157
W2117006370,6.9049063,2.521862
W2472155683,1.816143,6.689222
W2149489806,3.0941653,7.8604145
W2012812717,5.6787524,2.8807201
W2071584957,11.420566,5.3528314
W2117616434,6.706479,2.288999
W2152621157,8.118154,0.78486615
W1998947504,4.1240172,3.4382408
W2143430250,6.538672,6.34496
W3093051694,4.718798,2.7429087
W2969709530,6.1619806,2.59292
W2888029456,1.2386944,8.44029
W2960815402,6.045572,2.8618588
W2884662498,7.461017,5.6110854
W2852446814,5.545451,-0.37167662
W2960826148,4.6842484,4.558629
W2002008002,2.7795541,7.8187966
W2752257752,0.51096904,8.270773
W2412995228,2.830603,7.8102784
W2118573876,0.35990512,7.436503
W3081277912,6.8057475,0.9984137
W2965346190,4.0737977,3.4139807
W2752843814,4.9498034,4.4571195
W2753472863,6.9039097,1.4123317
W3028632643,6.065634,3.9821308
W3110873875,2.7992628,7.826144
W2070664725,8.041631,3.7962456
W3087243598,-0.7221947,7.1433597
W1977400967,7.0017304,1.1208893
W2128086789,3.5453782,7.419433
W1909247982,5.829307,4.875205
W2611374796,3.5133433,5.1067576
W3083351516,2.2971838,-0.0035813241
W2095459940,2.9563084,7.7073636
W3023339987,10.521233,6.320285
W2888655950,3.2295191,3.8061423
W2626368339,5.978271,0.03140806
W2037205988,6.177507,0.57248634
W2046305401,0.63327426,6.6652265
W2013060577,3.2608685,5.6206036
W2753821824,4.6253834,1.1856292
W2118302132,-0.14647004,7.0245295
W2145817751,2.581914,5.633523
W3001260385,4.9675136,4.3956857
W2076608101,0.32395446,8.069013
W3092167326,2.680902,5.432707
W2048905912,7.11418,1.5170798
W2161114148,6.1420035,0.56892216
W2515064928,1.3404655,8.289973
W2169112940,6.7175183,4.569429
W2082844358,5.066325,8.183945
W2171522901,5.807467,-0.4007169
W2604749705,6.2090335,2.9183629
W2018614013,4.5276623,3.366701
W1921464710,3.43785,4.0747743
W2751110224,1.4557636,7.936609
W2161555761,4.9909034,9.451471
W2132035930,10.156912,6.518282
W3148950651,5.0788236,7.124697
W3094084711,2.4506478,6.6577945
W2294831722,6.1525893,1.108952
W2753303513,0.16508535,8.144404
W2130434120,-1.078698,5.184239
W2098226206,4.33685,2.4377193
W2141026840,8.76539,7.09069
W4249894953,5.264843,7.236546
W2462558827,13.246523,5.418191
W1990995255,8.006086,1.9171089
W2109857088,6.4488206,2.2359402
W2074930186,6.2309985,1.3034397
W2099864932,10.444215,6.364931
W2106268337,6.0061364,1.4567827
W3023866933,9.093299,4.4448233
W2512402302,6.5455422,3.9508312
W2968484890,0.8055178,6.9650745
W2077776889,3.8774312,6.462334
W2044102377,6.330329,1.1893425
W2088915428,-0.8898527,5.003632
W2098572691,4.311329,3.0666516
W2066055496,4.1194935,7.3178277
W1969581814,4.8080807,1.6981716
W1954569224,4.521604,3.167002
W2815307792,2.4090278,-0.50555164
W2165915693,-2.1526196,3.9080648
W2022536831,1.117588,7.878106
W2133571633,4.1284566,4.2752237
W3092317220,0.8603491,8.736989
W2181825148,-1.8561702,6.092466
W2888308855,3.239186,3.98528
W2116107155,-0.61608744,8.104869
W2133498673,5.0701575,2.246398
W2953580430,9.121938,6.3133245
W3091888427,5.6539283,4.4724913
W2728218263,11.494066,5.1365376
W2159936057,5.763112,-0.12548989
W2114070688,7.0947113,6.5462418
W2126565921,11.58137,5.5521207
W2129012257,2.6513567,6.929962
W2128205813,11.360041,5.915682
W2145496215,6.745678,6.220086
W2987443893,7.440175,7.2029676
W2167129696,5.256087,8.07911
W2137197875,5.504623,3.3544865
W2117698763,11.528278,5.517116
W2134263360,5.413923,7.994948
W2115792722,6.3440413,6.079071
W2532599107,7.443536,3.9231977
W2417648990,2.2911384,-0.24987476
W2122993881,3.753464,6.8869643
W2489062581,-1.4578658,6.367924
W2012457675,6.075038,3.9678812
W2869198903,3.3665147,4.171454
W1992765891,6.1199975,1.3436644
W2473636904,4.365726,8.449629
W1992492534,7.0903416,1.4414378
W2007185493,-1.7023357,4.8010216
W2752257308,2.0320508,0.16175734
W1966320996,-2.1483793,5.7358584
W2126053368,8.353243,2.8090563
W2014964183,2.3170927,0.45629686
W2112397756,6.6185923,4.6451154
W2157379557,5.7941813,-0.13447386
W2109727435,6.958392,2.4308197
W1976606085,0.36772853,6.3856244
W2098072631,7.76279,1.8798394
W2121995598,6.2174325,3.9797719
W2463618446,9.230817,4.5796547
W3143721798,11.671661,-1.6155112
W2888584406,3.5256126,3.682407
W2012737385,6.7222195,5.9424367
W1898018073,-0.35206634,6.2022777
W2064815440,5.620481,1.4219294
W2016966772,13.067009,5.588859
W2135446434,6.528548,6.5638223
W2513074232,0.35326153,8.159911
W2621632289,5.7680717,-0.41384143
W2515800447,0.9723023,6.756519
W1941024310,7.7798996,5.759609
W2172119539,3.9067988,4.032385
W2906483945,-2.0543466,6.0508285
W1899829068,4.4009986,2.3742173
W2163769869,1.2481223,7.076818
W3023783025,-3.01862,3.3067243
W1994984331,2.409927,5.9581947
W1920440479,5.268486,0.5266636
W2508837977,3.1442614,4.710996
W1992399362,1.4515485,5.434644
W2147353820,4.628474,3.9396567
W2084848678,-0.63037294,7.8145165
W1898893341,1.7347199,6.7548738
W2057592763,-1.9074886,5.6307034
W2905763413,2.269486,0.42280892
W2752991534,2.2536583,0.39935547
W2007738535,8.334822,8.223665
W2086478402,4.7330785,7.771928
W2092874619,1.1236807,5.963214
W2093954317,5.3865533,8.130162
W1968158766,6.6830635,6.5979385
W2133946031,4.310266,6.5389576
W2059745921,0.0014687408,6.030265
W2090659086,4.729322,4.676952
W2510576630,4.0695,4.464756
W2133013573,7.40499,7.131345
W2025406665,1.441351,7.02562
W2057444996,5.6700463,1.2467335
W3042222499,5.573832,-0.3592223
W2015449696,1.4722074,6.907092
W2082229705,5.7307777,-0.10907746
W2750934719,2.1859808,0.33068076
W1606918473,8.530551,8.34876
W2118660081,4.249023,6.9943533
W2510911826,6.133856,3.8846076
W1934088123,7.1491885,6.556878
W2113942092,6.327548,1.1344196
W2963015399,1.3573085,7.3672786
W3147941106,5.3500376,10.284111
W2598209472,5.1826215,0.64750177
W2148329479,9.05896,6.062467
W2050488527,11.510272,5.499096
W1951518548,6.272863,2.8197794
W2052606569,7.1632423,7.106447
W2133706996,0.42637205,5.3559957
W2905015557,7.2078276,5.9114385
W2051767208,12.222514,5.8011856
W2119452648,8.183629,2.5048273
W2121887149,-1.1178436,5.141736
W2148725305,-2.1599321,5.6729784
W2582491743,2.036501,0.14804798
W2025394193,7.925213,1.773884
W2012118336,4.6021485,3.9783049
W2162920501,7.510537,9.079931
W2047828610,6.174792,1.6275349
W2091416594,11.414068,5.919046
W2042215831,9.65986,7.271729
W2044135788,11.386166,5.301983
W1995144346,6.5020423,5.16327
W2509947681,5.8387237,5.206029
W2752059862,5.8119907,4.3556547
W2752026712,2.2688582,6.663357
W2102452998,3.3079565,5.8861666
W2062037128,7.7935686,3.750634
W2134378585,6.6093926,6.6016994
W1988726303,7.381812,1.6622545
W2005996634,5.136023,8.273685
W2165201154,7.136658,5.9442997
W2142531915,11.369442,-1.2124918
W1590482746,11.10817,-0.9694926
W3032168557,1.3171657,8.380391
W2795622273,6.225684,2.4154217
W2170910862,1.6172352,6.321793
W4252428966,-2.8057208,10.609989
W2115596386,8.59695,7.2870903
W2904955348,4.621419,5.970797
W1821624969,0.1525995,6.387027
W2036093426,4.777304,6.716727
W2165786600,8.821228,7.1296062
W2126190393,-1.1763474,5.1224933
W2600599059,-0.19729532,8.279248
W1983592716,-0.5831967,4.870983
W2948894190,3.5318735,3.6025279
W2906640975,1.3712115,7.6784325
W2105242901,4.9894547,2.2294352
W2941320055,1.2239095,8.505068
W2055794105,9.51739,7.4505005
W2064831393,0.8874471,8.578816
W1973864947,-2.4274812,5.7242794
W2055621060,5.144289,7.1545076
W2626561790,13.217365,5.4432697
W2877520197,3.6619167,8.760275
W2109115793,-0.47558117,6.245147
W2590252985,-0.5453998,8.263397
W2968697710,-0.6301358,7.8967524
W2537595510,2.8118136,7.8373013
W1955833269,5.36419,4.426513
W2753596100,-1.5116687,7.8786316
W1976310069,7.137944,6.5725617
W2100828567,5.331591,8.120117
W2752985888,4.3370314,2.0985851
W2950879328,-0.15817541,7.017444
W2133645177,-2.3885837,5.641098
W1974061452,-0.17794128,6.5526896
W2011437534,3.656534,8.86715
W2091236139,1.6722379,6.4871144
W2044240216,4.0193667,6.4073753
W2121065592,-1.5331546,4.5866585
W2046193218,-0.9701099,4.013457
W2186022498,0.77666926,7.0233045
W2611375157,5.5211325,-0.27139404
W2750714283,2.3023512,0.40385294
W2063535907,-2.0432491,5.5961437
W2873704094,4.569264,8.6026325
W2002552801,-0.14587314,6.440968
W2045585337,4.32759,9.015388
W1981325128,7.6716,3.7806134
W2042368861,-2.2794712,5.736323
W2751627669,1.3075647,8.345128
W1494010375,5.3505,4.0585814
W2147055032,5.353739,4.052033
W2147394386,3.505268,8.221558
W1979686514,7.902106,3.3874533
W2470789023,-0.34002408,6.2122035
W2168161935,3.603361,8.921805
W2728444372,2.8895545,7.8222017
W2602830283,2.8436217,7.854942
W2905064480,2.0518796,0.13373005
W2165966087,4.3854594,1.768422
W2056911178,4.7626057,1.8414885
W2958874938,3.143951,4.7696166
W2602887839,3.3310866,4.508575
W2079647943,2.2146647,5.91002
W2130154693,5.843363,2.350212
W2106080720,4.4553676,2.0934174
W2753405889,2.549388,6.2927027
W3152038503,12.281161,5.9162745
W2398936633,2.3448462,-0.34748515
W2115977463,3.5940058,7.53814
W2030010027,-2.5721793,5.8455825
W2171025235,7.3238125,8.690802
W2169530138,-0.4903861,8.321516
W1925684990,3.0660694,4.698388
W1482531518,-0.853739,3.9906867
W3043560476,-0.04689473,6.506879
W2969396217,1.1311817,8.541506
W2969821795,4.121912,4.0672264
W3031998758,-1.5110615,7.870186
W2161240651,-1.0172275,5.2298727
W2293034963,2.317601,5.990613
W2940562782,5.9318194,5.0487943
W3031494326,6.112577,3.9610553
W2626677187,3.7207072,7.6841197
W2068562326,4.1325297,6.282886
W3016163547,0.70007825,6.4619985
W2168270139,1.095463,7.950688
W2752126964,3.2073154,4.01845
W3021858709,0.853072,8.659877
W1977294046,-0.52225345,6.760849
W2051863373,-0.60776365,7.917229
W2969859207,0.33101755,8.19801
W2097924927,7.4308867,7.670175
W2100108891,6.3438635,6.4083486
W1999287341,5.447809,7.848621
W2143349559,7.899731,6.5964203
W2125986575,11.02334,6.585887
W2008196074,1.6354297,6.7541113
W1916757608,8.887312,2.126798
W2408574227,5.9305944,6.0060506
W2041284908,9.128074,7.2928414
W2004707992,5.429262,8.129197
W2110746712,4.2260704,5.5527115
W2888571777,0.5348931,8.293907
W3003182440,4.681646,2.0684736
W4234439578,6.6819787,6.974043
W2129892540,-2.0351107,5.525755
W2159729957,6.2455993,2.301043
W2135576300,6.5102005,4.951504
W2016268421,8.271275,2.5314968
W2171240564,7.9652867,3.6762233
W2166753226,9.373487,7.6286297
W3016099278,-0.44933385,8.397657
W2127184512,5.7582817,8.446526
W2948959398,7.5948,5.770288
W1912832475,2.5959048,6.88297
W1986016493,-0.8631109,4.8772693
W2509007087,-0.17428763,7.053948
W2513716122,2.15929,0.23984663
W2956771728,2.2200577,-0.14890341
W2915459242,5.3693476,1.3885629
W3140504487,5.171407,10.344297
W2126178791,4.9003353,2.0066955
W2116980792,9.877976,6.511111
W3032086959,2.1390066,6.37128
W2113992429,3.6520457,6.4075255
W3204624404,6.0157933,0.10025604
W2136304024,-0.336238,6.1636305
W2081280292,-1.8557618,4.709669
W2068963126,6.0933695,3.9430554
W1996908850,-1.8583244,5.6780267
W2053709073,-0.43554536,8.198094
W2513899057,0.68967295,6.7964287
W1515560749,3.7142975,6.3732452
W2966541941,6.076537,0.28426906
W2888349491,2.1766188,-0.03925576
W2041520323,-0.37815607,4.9911675
W2414613417,3.6571095,8.129612
W2069914666,0.7032135,6.676825
W2940866906,-2.1242263,5.9107428
W2164498220,-2.590934,5.797843
W2136827748,-2.6930628,3.4171243
W2028390721,5.3287816,2.1159759
W2888001458,2.247273,0.41471934
W2052681721,-0.55056417,6.1183896
W2159437973,-0.7955523,7.076064
W2101253294,-2.8676348,4.6988816
W2516587692,5.075858,4.2942123
W2166069449,3.0479255,6.8458753
W2160269501,-1.8752381,4.5515122
W2145005733,-0.18727472,5.500485
W2058072323,1.0117373,8.4008665
W3204503550,5.847757,4.418729
W3162684935,9.177454,4.5123477
W3160238711,6.5156054,5.879835
W3204641023,0.5394283,8.242419
W2293398899,4.118046,6.2839007
W2066431640,4.8736115,8.164278
W2969493429,0.8519152,8.73853
W3203033952,0.68721193,8.345294
W1948868775,1.8035413,6.74345
W3202687543,6.118895,0.6003915
W3123633262,5.10094,2.4919744
W3128915501,13.209576,5.451094
W3159989291,3.0397596,5.292079
W2062874539,-0.79713964,7.128973
W3200480869,3.2640238,3.875195
W2116787255,-0.53837746,7.152003
W1893905004,0.30260628,7.7113276
W3202963651,6.05749,4.107923
W3123834806,-1.8680501,6.0290666
W2965507238,1.4172708,7.756394
W2070042076,1.32424,7.578672
W1961478032,4.679504,4.534838
W3204415071,2.2482004,0.41792965
W3202061481,0.5530958,8.252307
W1927636871,3.0712292,6.896397
W2897061464,0.81256825,8.78906
W1978977691,-0.4851031,8.422717
W2185329967,4.853946,8.278745
W3203717592,3.257878,3.6552913
W3201793071,2.830662,7.8248405
W1951374550,2.7286513,7.043342
W2517458416,5.8005543,5.392224
W2157791576,5.8238807,4.2932105
W2005773722,-1.8805922,6.033642
W2068261792,7.477046,3.5617073
W2163220482,5.5666733,1.3512123
W2132907133,13.255212,5.411158
W2726944048,-0.55676657,4.86355
W2107416618,-0.7773147,5.317075
W3204797703,4.6256256,1.1744956
W2969292277,2.006402,0.1654244
W2795973510,-0.32100996,7.092185
W3118982518,1.4398153,7.888441
W2752686866,0.87098986,8.7328615
W2013177059,5.9800944,4.8825903
W2080752813,5.546534,2.552655
W2141558464,9.037205,6.367606
W3147583786,11.681319,-1.6251986
W3202919483,-2.344185,5.5937696
W2098469281,7.3989744,7.1715446
W3201489464,0.8393103,8.717116
W2503210624,1.8353306,6.643484
W3176125472,2.764998,7.8124065
W2133136052,6.5016212,5.1493816
W2145441016,1.4974172,5.500191
W2086388157,0.08252611,6.667865
W2023357311,3.6770735,6.459908
W2147377564,6.6677027,9.351844
W2024290096,6.407225,2.2764492
W2126927905,8.609865,0.58696944
W3202651992,3.3492043,4.539313
W2041420722,9.621432,7.3355894
W3204913924,0.79141057,8.5925
W3202786858,0.69959795,8.315734
W2161660422,1.388693,5.649649
W3183781629,4.708949,2.003069
W3203186943,2.2026014,0.3651458
W2168705291,6.1770544,6.2728286
W2155405213,6.4100986,4.8219447
W2751787250,5.422415,0.3607981
W3202176017,-0.708516,6.327678
W2059972655,6.0726805,4.403751
W3204039195,-0.482387,8.412408
W2149209690,0.9078157,6.3300824
W1935970548,2.6185906,5.7490983
W1928454594,1.6803573,6.2762313
W3187846328,4.646596,2.6977527
W3213578841,3.2371106,3.7332509
W2168247174,0.6024968,5.1203513
W2750871462,2.1659849,0.5974426
W2507337634,6.6014104,5.952814
W2153312812,5.013492,2.6928186
W2024783975,7.699841,3.7247639
W2032112442,10.054932,7.425404
W1995613787,-0.5512303,5.1111274
W2753044861,1.6230292,6.8032002
W2142223224,1.3675743,7.5416203
W1515529865,6.2837725,8.854792
W2134198474,1.3287092,7.588423
W2156473689,6.9254074,3.4559047
W2160615355,4.558856,3.8705535
W3202360802,3.4693696,4.0561028
W1997015401,-0.9038264,5.1498914
W2070736848,1.6945608,5.922045
W2029143245,5.6848474,4.6946845
W2004038202,9.607268,7.3358583
W2016428601,4.515918,1.3969358
W2125115238,7.244377,7.572665
W2485962973,4.7499423,4.664141
W2516807252,-0.823808,5.3227386
W3203151582,5.0436497,4.272579
W3153272110,1.4513128,7.8960466
W2004885493,4.9862485,9.375213
W2136771689,1.3005191,5.3930326
W2076866895,-1.5323638,6.040049
W2156830495,1.6405385,6.4934955
W3191638286,2.1823215,-0.07634086
W2159201721,0.18723945,7.797441
W2753907577,5.615401,4.680973
W2753137392,9.41713,7.6420817
W2166103069,4.246444,9.179388
W3204181713,3.9328775,3.4651449
W1486120306,6.1554437,9.818346
W3204150480,4.323154,1.755401
W2070034612,-2.9716775,3.4808507
W3124353981,2.3693886,-0.4486045
W3202567403,0.7040881,8.303931
W2121322496,-3.1294675,3.4670327
W2892093980,3.2579527,3.6234539
W2905485741,4.101924,7.307437
W2084767266,4.988214,9.427424
W2092646559,-0.15807195,7.019315
W2888693151,0.97951996,8.659428
W1992370075,12.304139,5.8921165
W2113323428,-3.1957128,4.32782
W2464003720,10.544763,6.309115
W2143239689,7.7245197,5.8526597
W2102427929,7.592029,3.796707
W2085466647,7.5436854,3.766034
W1977810187,1.5914671,5.8856864
W2031281270,5.8111024,2.9379742
W1594608399,4.1434584,9.071746
W2008424396,6.2864776,5.9256077
W2025804044,1.4626666,6.9756794
W2109895332,-0.14169942,7.017516
W2112905000,0.7355193,6.2857604
W2074618668,5.028934,7.0927844
W2114689182,11.549882,5.577168
W1947468339,5.61439,4.7018795
W2165544866,6.5207334,4.896212
W3173236064,5.588145,-0.38911757
W1990982370,6.3241677,3.0811605
W2084257270,1.4255493,6.998938
W2128182604,1.1370187,5.988433
W2730123855,1.7074416,5.7616158
W2063709346,5.3277802,4.359799
W2018326905,3.274454,5.191203
W2167983404,8.637992,1.5907556
W1998785512,3.7677944,7.662715
W2508354510,-0.5294544,6.1971416
W2105208377,5.0195627,9.39181
W2464824038,3.5638213,7.529943
W2155813900,-2.26808,3.7331796
W2111967893,5.2210026,2.23019
W2011711938,-0.4069764,7.936542
W2141069751,6.1154127,5.0151625
W4252100329,5.8241615,8.015409
W3176868711,-0.7304746,7.8179154
W2101099609,2.8497155,6.123425
W2170854835,1.7592659,6.7664733
W2098300754,3.5805466,6.5813017
W2139205907,0.8075117,6.3418818
W1923010118,6.7438498,6.4476757
W2137159670,-1.778986,5.6258674
W2102074734,-1.9502677,3.3576343
W2109418048,5.881001,2.8785996
W1971452799,2.8181353,6.7915626
W1971117671,5.810329,4.421758
W2005989959,11.648249,5.55876
W2114784448,3.3433495,5.880043
W2081581186,2.2244613,6.6031294
W1990840721,4.5424833,3.9107037
W2171366071,4.6113596,5.8283777
W2061348418,-0.5649968,5.2980413
W3127986451,3.5497797,7.380677
W2965735116,-0.25568727,8.111123
W1931908328,0.4468042,8.155932
W1946609513,6.750821,6.341136
W3134414351,4.299747,7.6233807
W3160735296,-0.49778125,8.412825
W2017586516,2.433423,5.682618
W2727031703,3.4744394,8.038255
W2795392050,2.8859336,7.8693547
W2103573098,-0.409889,5.419572
W2099622307,3.4853325,6.664674
W2099544624,5.018846,9.540738
W2013499551,6.847491,6.14135
W2042696669,3.6185188,8.630439
W2752614053,2.2137988,0.4951045
W2510934748,0.19960548,8.150091
W2153096151,-1.7459068,4.0467296
W1953027184,-2.1105452,6.0740438
W2024351142,-0.6869309,7.2516646
W1941357433,3.2765536,4.1939483
W3127701756,-0.06371657,6.468454
W2752812934,-0.75911665,7.2440934
W2796218495,-2.3030365,5.5386176
W2157931324,4.362727,2.5057602
W4250776769,13.15629,5.4879594
W1546610148,7.1947227,7.2804265
W3139661953,7.9780517,3.833726
W2071392461,9.004609,6.2425895
W2161730051,-1.4145523,4.4248695
W2097788635,6.085639,5.613487
W3144131567,6.9021325,8.473093
W4231966649,10.461937,6.915361
W2115876851,9.313479,4.62345
W2117160391,9.914733,6.52307
W2158213074,4.8254447,1.7704748
W2085106745,3.738787,7.859849
W2137394710,-0.79572207,4.885473
W2102841927,6.203995,6.1238656
W2126560733,8.431694,0.37043178
W2052661379,3.9150672,6.130198
W2122337603,3.6876054,7.3260245
W2116114453,-1.9665318,3.3879201
W2153717767,5.194623,0.67097205
W1567563068,-2.8616846,11.063762
W2137259724,11.565519,5.6778827
W2007488329,13.056339,5.6022696
W2103589474,5.9898148,6.3846207
W2152595737,-1.000947,3.7977512
W2156980556,12.238844,5.7508335
W2167915891,11.513196,5.6448298
W1573951906,9.971875,6.594722
W2120514074,2.2374616,5.957989
W2124201433,4.34574,1.7548455
W2136108450,-2.001284,4.261898
W2156595342,-1.4905456,7.8800426
W3144437408,8.268913,2.8291829
W2145567229,9.669512,7.343264
W3145589230,11.798442,5.190219
W1565752327,10.972983,6.694576
W2534349997,13.262715,5.400469
W2168877346,4.3121085,9.1370125
W2109354433,10.538533,6.3049235
W2139455833,-1.0081818,6.851854
W2119828687,8.404567,7.2593727
W2103827262,-2.9039612,4.640973
W2151007029,5.304359,1.4272239
W2110673924,5.554269,8.4523735
W2147798083,7.423542,7.172068
W1490855529,8.213738,8.662716
W2171242795,10.973838,-0.8035342
W2119427423,11.385699,-0.73019516
W2113022204,6.5988345,9.926721
W2169627453,3.6811986,6.438426
W2114911182,3.6668556,6.542413
W2167433674,11.450554,-0.8063122
W2095620196,-0.82182515,6.7390776
W2099840845,-1.4183166,4.2957
W2107876242,4.4501767,1.4815034
W1585297471,11.364491,-1.2130328
W2538195457,7.0135527,8.4197035
W1543577391,11.027501,6.597522
W2122753588,3.952529,6.1361976
W2128357383,9.713734,6.4402575
W2141967029,10.039015,7.3983665
W2129676055,9.466929,6.505607
W2166928043,7.1128635,3.5021677
W2136536668,-0.16974667,7.004916
W1582174515,12.773015,5.771582
W2096417185,7.9343605,6.6181774
W2011060348,7.4907875,3.7247615
W2124196561,0.0766082,4.8722844
W2165729714,6.7636437,6.575508
W2138827267,4.0170026,7.888071
W2139384265,-1.9269645,4.3281546
W2154729433,0.122001305,7.7091775
W2116422120,5.257167,4.7285776
W2029883763,7.9173903,6.6608577
W2103652205,5.4290056,4.472996
W1998180971,7.6234746,8.750235
W2171712884,6.0179286,3.9905698
W2126524240,4.8224335,2.0349293
W2153431389,-2.2398179,5.730653
W2096183185,8.887407,8.0616865
W2086096184,-0.009210954,5.8622847
W1969338043,-2.8621345,11.04588
W2073270119,5.913517,6.4400992
W2029630402,5.579288,10.505851
W2011751385,-0.26048896,4.7661843
W2139257416,6.213002,9.42555
W2138293015,-2.0359678,4.558114
W2007926133,12.908993,5.7130675
W2114237164,-1.471107,4.728584
W2114818341,-2.8371544,3.67098
W1983362611,4.202067,7.4245625
W2112499754,-2.5889618,3.1002154
W1986725403,6.630836,6.8507357
W2125227611,0.2571043,6.3061075
W2160583131,5.3226748,1.3864393
W2169816546,6.0557165,8.083602
W1487602974,6.2143936,8.013551
W1971132461,7.4629946,7.1328425
W3144020896,-1.6890055,3.474799
W2101284865,4.6040397,7.3578324
W2101579010,8.949635,8.0836525
W2105837702,1.3242536,5.2182784
W2164429073,-1.5957941,5.554256
W1487235154,4.387545,1.542257
W2102389916,-2.3521795,5.363534
W1515517258,6.4094353,9.149509
W2097546690,-1.8469142,4.853232
W2126056608,7.933001,6.679146
W2049802678,6.076037,10.882912
W2132773990,-1.4382836,4.691029
W2137120870,-1.8317715,4.7152247
W2155987906,-0.93353146,5.091006
W2083841057,-2.833371,4.5819373
W2157825025,-1.3777891,4.799961
W2129449371,-0.5664796,5.006132
W1987522255,5.795935,10.719242
W2131682312,6.212621,9.534595
W2169366593,-1.2545944,6.4233828
W2099306854,-0.7058491,4.7273445
W1521358531,6.816058,9.938057
W1479726876,5.989266,10.730903
W2081517917,-1.4583472,6.209395
W2111871057,9.079422,6.114866
W2096682770,-2.7931547,4.054475
W2103940511,6.7975197,9.840832
W2165753219,9.2218685,7.910773
W2047137530,6.3963165,9.773701
W2111456437,9.7912035,7.302619
W3141392912,8.328798,8.238451
W2108190542,6.2812247,5.8969812
W3149175271,10.83807,-0.8408722
W1498053278,6.2647576,8.119532
W2039709915,9.903902,6.5159636
W2151328143,-0.45590144,6.186789
W2026430486,9.417927,7.624887
W2034280257,-2.4256644,3.166003
W2123068886,-2.771934,4.5890865
W2157624985,-0.83941805,5.3132253
W2122991194,-1.5017663,4.6366944
W2058318782,8.816395,8.305415
W2111414025,8.735033,8.378284
W2170492055,-0.5368069,8.249273
W2116391482,-0.52707607,8.399352
W4366550890,6.8474255,3.3546202
W4388018862,4.3173866,1.9170915
W4297965116,4.805264,4.1972013
W4297489900,1.2495722,8.184145
W4297094587,2.3069746,6.7906
W4366548422,5.4493237,0.2884947
W2141827635,2.1070628,6.095452
W4382132409,4.675752,2.04317
W4297094534,1.7845478,6.7550097
W2101474491,0.31014678,7.4868317
W4225004658,5.118061,4.2073264
W4221017055,5.4954963,-0.14431779
W4366548996,5.836728,-0.37302986
W4298326708,4.6829977,1.1454802
W4247730801,5.779449,7.605929
W1490039277,4.024543,8.222255
W2126014629,12.689441,5.812697
W2011316786,5.4483776,4.477041
W1935090356,9.925594,6.642261
W2054501662,12.028685,5.761641
W4366549398,5.5228715,-0.26514852
W4291137729,2.206198,-0.1332156
W2047503975,0.690932,7.7669687
W4296938090,4.937053,4.2329025
W2134685109,-2.7983322,4.5441594
W2153623993,11.127629,6.5814624
W2028377123,8.723225,7.1784897
W2893486522,1.8739623,6.8602543
W4298326929,4.6198106,1.1760896
W2063359332,3.6728017,7.3065734
W2152460728,5.2918806,2.245734
W2097173901,3.6013334,3.4913647
W2038866112,6.4533787,5.9110904
W2508575143,-0.47548598,8.373877
W2091800485,10.495559,6.343128
W1964287761,3.5939844,8.39243
W2122580360,7.6928864,5.8355565
W2158368697,3.5936804,7.4856887
W2023923148,7.067507,8.606228
W1966406768,-1.5041301,6.0437546
W2154731820,-0.10630501,6.450125
W4298326528,2.2577982,0.4920113
W2293188682,-2.7788653,5.0559382
W4366548472,5.848156,-0.36173454
W2149644520,-0.5806877,5.005274
W1994178293,5.3840055,1.8825495
W2533610325,3.2969854,5.5396113
W4225099728,6.8857827,6.0501432
W4302042384,12.250089,5.7784853
W1921146390,0.22200948,7.7814527
W1994354817,5.196515,0.6224207
W2464150467,4.1149025,8.132992
W2025806111,3.6258316,8.309017
W2500109981,1.5464972,6.8242717
W2752320387,0.6450011,8.056436
W2462631981,2.6951785,6.975243
W1538591984,-2.1104853,3.9224708
W2010462968,6.035515,5.65985
W2048107685,4.610694,1.1884339
W1966660375,-0.79324067,6.826822
W2037954726,1.4550763,6.992513
W2398042895,5.5210547,8.137863
W2091955691,5.5645647,3.3789434
W2000998233,4.113137,6.337509
W2055193574,4.9264283,8.227652
W2751720498,1.1845262,5.941589
W2185441041,3.6247954,7.7603817
W2059542885,0.6383757,6.6646566
W1986257701,2.0034127,5.9096365
W2788934476,1.0943999,7.8986044
W2142653560,1.581336,5.803163
W2414646049,2.1628087,0.51489395
W1919652261,0.03436365,5.8656516
W2168579301,4.109418,7.3241878
W2752455899,0.22976238,7.8976717
W2135482287,1.4137925,7.768579
W2137725097,4.901337,9.786455
W2143221729,-0.8015612,4.9396586
W4224994168,-2.5018692,5.268607
W2888081003,0.77162015,8.734473
W2604192544,-0.4438515,7.9682417
W2110487094,5.218727,0.6142931
W2005542222,-2.5847604,5.6895785
W2117174931,5.1831703,0.6488416
W2025861473,11.196226,6.046662
W1994285494,-2.3694332,5.5442386
W2116904179,4.61321,5.9095244
W2024761969,-0.44003892,5.3832984
W2164616135,5.1355543,9.623571
W2123580097,-0.9101835,6.952433
W2108443799,7.899151,6.6417665
W2166365305,3.5981092,7.542711
W2169620084,0.41976222,4.9834
W2171575586,6.328661,2.324007
W2611573943,-0.6039481,6.094391
W2085103832,1.6443124,6.481413
W2072770403,-0.91641235,6.905426
W1838084296,-1.6570772,4.2505484
W1962105748,-0.77363306,5.0825133
W1968016814,-1.9418719,6.127561
W2155542779,-1.6934986,4.1178436
W4255459720,6.0899916,10.727243
W2151620113,-2.3035467,5.174673
W2131433745,6.558834,5.98428
W1964131408,0.737976,6.73421
W2151882909,-0.14184818,7.0187273
W2296725420,5.3003044,8.201828
W2084057287,7.2746797,3.5312088
W2139421427,5.1457415,2.1819313
W2098623081,-2.6439855,5.595305
W2154393589,5.838434,4.872718
W2159147775,4.559989,6.6735573
W2511119594,-0.9079389,6.2280493
W2051740204,0.6900946,6.4773374
W2146714630,6.3678355,9.548309
W3140955151,6.399599,8.337711
W3141857971,6.192057,4.834939
W2163727044,5.91089,8.599542
W2152518342,6.433161,5.989693
W2028753963,7.6466765,5.761443
W2167538453,1.1860399,5.160323
W2052321311,4.0756903,7.2742376
W2079180302,9.554421,7.3598323
W3148237475,12.778834,5.794245
W2170383706,-1.7282181,3.7418547
W2130247386,8.123365,3.9355211
W2408366251,-2.6300943,5.6220803
W1980659580,6.091539,5.904278
W2726278595,4.714805,4.4914427
W2131706088,5.192486,2.2912722
W2123966170,0.638902,8.2577305
W2076191571,-2.1914175,3.8998733
W2051499661,5.257175,0.5778907
W2515673694,-0.5613062,8.037406
W2120568174,6.1497436,4.787419
W2161071682,-1.8331565,5.678826
W2141088087,-1.2291548,4.940323
W1542393085,9.1429,7.9895
W2114882952,-2.5733662,4.891049
W2138326161,4.0572677,9.045881
W1677681477,-2.6359565,4.8333817
W4401237113,4.724524,1.1094844
W4393100112,2.118346,0.0038677116
W2123989303,4.4691987,7.84859
W2136436991,2.4481096,5.7042165
W2101275184,-2.8223064,4.6283126
W2154946200,-0.8582864,6.2175846
W1565761017,4.5018687,8.345413
W2465468597,-1.3911296,6.4423833
W2103691842,-0.8602918,6.5707
W2888392760,3.0734456,7.930906
W2965022010,0.47630462,8.266984
W2059018062,5.573713,3.4509132
W2753236855,-0.6916251,7.98728
W2894279555,-1.4632305,7.881636
W2464199704,9.62198,7.305466
W2086512465,-2.854098,10.711729
W2149827033,8.931515,2.1343486
W2183845744,12.784051,5.7964025
W2165418521,0.3463236,8.210261
W1597510378,-0.92761374,6.8889046
W1964311319,-0.011596794,6.9836364
W2888387191,-2.5986145,5.811626
W1884010341,8.489307,7.641626
W2110576593,-1.6505042,4.3867593
W1834939163,-1.6188141,4.2909203
W2072965894,1.7773626,6.762693
W2116144762,3.2887378,8.065586
W2009647363,0.24600767,7.787766
W2097797019,5.2732267,8.141907
W2098942126,2.9226117,7.867498
W2155351266,4.915634,9.756278
W2119019944,4.6157775,8.585308
W2750717372,-0.21307564,6.5697584
W2155052436,13.166156,5.489099
W3146052257,8.311699,2.7443326
W2110712827,7.4702606,8.616446
W2100768746,-0.43540987,5.4066215
W2041272668,-2.0965338,6.0565534
W1987108654,6.294436,5.895377
W2117500970,11.269255,6.0215845
W2097257601,-1.9766861,5.011674
W1589110483,11.908076,6.0398207
W2014817353,-0.4594435,8.412677
W1498317890,-2.7110431,3.1732502
W2042361756,4.7222843,1.8698277
W2788416704,2.2170856,-0.16279894
W1974822867,0.8198081,8.690478
W2020384885,5.1419554,7.942693
W2042688733,-0.6783072,7.9808536
W1991092611,3.5144901,8.079615
W2116414418,7.3629813,9.484209
W2022901213,-2.4992082,5.935405
W1735274207,-0.08460535,6.0993733
W2166090580,4.524928,2.062295
W2182022528,1.4723356,5.788885
W2000830796,1.1164465,7.896375
W2133934472,5.546669,3.568128
W2126003552,6.680233,7.021982
W2029661605,12.76767,5.787241
W1952261887,1.7940071,6.8047934
W2480523931,-2.517871,5.6807003
W2157689946,3.609656,7.4224067
W2139421711,7.1928363,9.7146015
W1894548183,-0.8524169,6.966504
W2799118206,-0.4048067,8.375585
W2001585088,5.2541285,0.8532784
W2106370129,7.8855805,3.4928179
W3145994861,3.6735938,7.9624314
W4245586321,-1.1312356,4.483774
W2108465154,1.7985034,6.6699615
W2126741784,3.9952931,8.985821
W2041339073,1.5145227,5.8365607
W2036304985,7.6847696,8.11445
W3142924357,9.336341,6.7595563
W2131106504,10.967374,-0.8914109
W1969548384,3.8178687,7.214032
W2151933245,10.172807,6.471142
W2733660482,-0.68640006,6.43662
W2460386965,-2.7941964,4.5573487
W2098451207,7.8901777,6.6716075
W2038984635,-0.52088493,7.951234
W1532402181,-2.3216908,3.652697
W2155755997,9.469861,7.6200604
W2510291843,3.612222,8.261842
W2040104816,3.5786078,8.920648
W2135981746,-1.2748404,4.9272637
W1799206395,-2.518495,5.8080106
W1967103979,6.2690105,5.909372
W1982130806,8.865712,7.1172805
W2099147981,-0.034360096,5.9495687
W2110658290,-2.828859,10.596812
W2030391899,1.3577346,7.482589
W2008096689,4.8101535,6.7657247
W2338785550,0.7609504,8.510904
W2039706813,-0.9790819,6.1716914
W2170176070,6.684083,9.2979355
W2148893894,0.22374974,6.326862
W2014312008,0.21684186,7.536747
W1907619767,-0.805795,7.23225
W3022307797,-2.522947,5.900443
W2116361347,7.396459,8.70701
W1986345088,-1.0363271,7.132119
W2149791793,-1.5597483,6.050593
W2107198446,9.529109,7.4485617
W2020374487,10.586897,6.2581077
W1983438351,-0.047924932,6.18911
W2067634031,7.6828156,8.041184
W2133062512,4.190074,5.347494
W2115770648,-1.3755572,6.3280354
W1979863690,7.427046,3.9190166
W1548468326,10.488499,7.2547755
W2139079167,6.2979765,5.9167647
W2099718964,-1.007717,4.1745195
W2110707424,7.482629,9.157834
W2078064773,12.974776,5.666296
W1991352880,-2.2267172,5.6957407
W2138843309,-2.4884439,4.793585
W2026425042,-0.4750687,8.413824
W2007027649,-1.4500879,7.8707047
W1960686809,-1.454574,7.86296
W2135152215,-1.665348,4.756137
W2143725990,1.7112848,5.93542
W2152167878,7.6720467,5.810168
W2128934301,4.735965,4.695235
W3150224893,-0.19907263,5.4776154
W2110072667,4.8311496,4.7183576
W2124700014,7.4969807,8.5897455
W2147936406,11.634226,-1.5716726
W2129824539,-1.8727052,4.649347
W2087918579,4.3824143,8.389416
W1870211974,10.884837,-0.7429818
W2144995353,8.816474,2.5642245
W2538618819,8.577143,7.8874803
W2008125147,6.1320367,6.3440533
W2156876700,7.376363,5.808641
W1498299056,13.1314745,5.5173626
W2116781100,-0.0024781656,5.7999835
W1899867657,-1.3965771,6.4515386
W2104744826,7.388849,7.5096326
W3147534036,-2.7868128,10.489588
W2106366041,1.9207814,6.8531923
W3152296259,12.90498,5.716041
W2146350882,11.142903,-0.6490256
W3146906819,10.72083,-0.73182297
W2008440833,3.3821535,8.089094
W1971573671,-2.7093022,4.6675
W2007701319,7.9322042,8.23739
W2128470028,-0.7538666,7.193624
W1990402145,-1.2748067,7.8893266
W2035714779,4.930639,6.8744736
W1975938380,9.04679,8.228355
W2145901259,3.62072,8.881948
W4248668455,-1.1774567,3.7268503
W2123445511,9.285564,6.659547
W2539415427,6.833276,6.2871237
W3149522800,11.908533,5.732583
W3148091194,6.279018,8.0010805
W3149528450,-2.8832784,11.019917
W4238341951,-2.7608657,10.593965
W3150574965,7.5596294,7.1402407
W3146491315,6.179884,11.084877
W2139123466,6.137947,11.003651
W2000493547,8.649401,7.485859
W2122508669,11.844256,6.097499
W1722283283,4.206789,9.450077
W2106528248,9.277319,7.8329897
W2136838646,-1.3819307,4.3334007
W2045648984,7.300769,9.096961
W2538614451,5.0372024,9.433034
W3143780549,4.1490445,9.431516
W2533408896,9.147811,7.9903417
W2121768666,13.077526,5.5752106
W4237979131,9.292993,7.91667
W2170968305,3.6228423,7.1162524
W3144589906,10.396577,7.2468762
W2147155707,4.9733143,9.643826
W2085938780,12.780726,5.782378
W1870642593,8.948063,6.270186
W3141241810,8.202087,8.206049
W4241943820,-0.16150174,5.4272857
W4245536886,-1.5423685,3.684994
W2150898819,4.432741,7.8553047
W2546111618,4.248846,9.1810055
W1601529119,10.220236,6.8692894
W3148097423,8.852119,8.325241
W2088219806,-2.8645194,10.806484
W2031740700,3.745808,7.9164295
W2153706538,-2.3817296,5.969725
W4255556671,8.780677,7.1807055
W1492116730,-2.6867206,4.640317
W1964853704,11.011451,6.597378
W2087316595,-1.1322701,3.6490383
W2105079573,8.256201,6.723006
W2030542475,8.983769,6.999662
W2119752738,11.475445,5.701646
W2069238584,11.002365,6.6263824
W3144847243,-2.5346403,10.6174555
W2146680453,-2.3596761,3.7781541
W2119510843,-3.196348,4.2907734
W2161200279,-1.7050229,3.9632728
W2137919730,-2.956813,4.566141
W2131189186,-2.5915174,10.612331
W2163322081,8.527369,8.515155
W3146226471,3.8749876,6.556715
W1818387095,6.4161754,8.458382
W2111916870,4.685657,7.1298795
W1885351356,-3.0445485,3.5517645
W1521028952,7.480033,9.138969
W2143981714,-2.763676,3.5874243
W205495933,-2.8690052,10.802768
W2128490637,11.037283,6.048606
W1596753297,3.7176287,7.91101
W1877567052,8.727341,8.39725
W1486870421,-2.5148873,3.4722703
W3147851429,5.808155,7.704707
W1562450177,5.2547774,7.2005434
W2110576406,-2.428772,3.6117156
W1587245653,6.7468705,9.313992
W1599005630,6.0718627,8.455397
W1507654555,-1.8058873,3.3481958
W1494920329,12.67506,5.8017583
W56227424,-3.2023308,4.2684674
W2146762185,7.8596754,6.6072345
W2029195583,7.3431196,9.566583
W1582295676,9.392946,7.9027743
W2134056613,6.939041,8.393056
W1917719640,10.279073,6.9169126
W2121015075,6.9723682,9.845821
W2065380250,11.28024,5.1239166
W2046918726,11.483232,6.034771
W2541114472,12.86348,5.6948586
W2161834650,7.485665,7.956865
W3142733079,10.994,-0.8020422
W2066735886,9.802606,7.572255
W1989850389,-0.53115433,8.366164
W1967207248,6.085788,10.9197645
W1990393485,5.896142,8.59363
W2001868274,-3.1602066,3.612595
W3147959344,6.945405,9.1453085
W1992101144,9.149418,7.9946747
W2158822401,11.774968,6.286385
W2094651304,5.710946,10.626223
W3151127622,8.821644,8.274267
W3149702595,6.5058784,8.702766
W1992169996,7.0018206,9.312118
W2008507659,9.080026,8.007669
W2150797568,12.306762,6.050342
W3140181753,4.9942217,9.428693
W2124447435,4.989008,9.793124
W2119344278,-0.8252624,4.1369405
W2080298943,7.6645217,8.007861
W3143382524,10.669535,-0.69211066
W1985567439,7.6749473,8.113547
W2020079884,11.175899,-0.65639603
W3144824943,5.5003796,10.44813
W2030092646,6.0594077,10.858639
W2027281090,8.752999,8.140683
W1910134712,-2.3074534,3.8106174
W2109257417,7.7643704,7.729652
W2140837893,-2.1563938,3.2218094
W2151708804,-2.8161876,4.8295636
W2143079781,6.381504,8.248254
W2079034398,11.38724,6.549103
W1579688851,-3.025999,3.5161595
W3143239431,6.9721823,9.83904
W165961000,6.560433,8.825473
W8289804,8.518565,7.345652
W1030542543,7.446106,9.165863
W2000371847,-0.6300704,4.6973233
W2069422636,-0.5196508,5.3302035
W2023883777,-2.1189263,5.3743596
W1990325394,3.7216465,8.71246
W2049807624,3.5930054,8.936485
W2027553120,-1.3706449,7.8616066
W2146354725,5.9888773,10.835336
W2138362088,-3.0243666,4.453578
W2107712839,-1.6688218,4.0582147
W2072566697,7.136088,6.5512133
W2163724382,1.3378726,5.3230734
W1947395582,-1.0932084,4.930063
W1979320228,-0.65896493,8.03802
W2150927108,3.6107838,8.6844635
W2100790492,3.6169257,8.508482
W2096087071,-0.1882516,4.9402485
W2056618433,11.480084,6.4947963
W1986471197,-1.5062728,7.873524
W2102474741,4.188566,9.368477
W1585101387,-1.8825022,4.6219244
W2112777640,2.7497451,7.0510197
W1972735890,4.4157996,8.4287405
W2002101280,9.257593,7.9079895
W2002128633,6.1561384,11.036561
W3150414374,4.2027035,9.158623
W2072628086,-3.1419716,3.5337324
W2105955555,4.3768163,7.798508
W1574542371,-2.778358,4.8507037
W2046714461,3.0817657,4.671267
W2150349645,5.387346,4.434526
W2152122225,10.5271635,6.343262
W2107589135,-0.09697011,5.7427573
W2112871220,12.339482,5.9539227
W2096048786,6.204276,5.804163
W3144058794,11.322596,6.590853
W2129671512,-2.1918159,5.773733
W2109467529,-2.881618,11.021827
W3147856832,6.1290846,10.971889
W3141582870,-1.8041366,3.3150935
W2005806411,8.098894,8.197052
W3141310258,4.8845334,9.754483
W1571246069,-1.1283857,4.1566243
W2159009096,3.8399003,8.867089
W2084584372,-1.094952,3.6489263
W1984595605,9.343997,7.420142
W2142527436,8.780603,7.046765
W2167211965,-2.8150573,10.509643
W3142777835,-1.8577675,4.377754
W2170832107,5.1318617,10.343633
W1544549545,-3.2068408,4.089179
W2167384469,4.051417,6.985826
W3142178858,6.233189,9.626746
W3141226869,6.8716483,9.923716
W2156990842,-2.5722249,3.2536225
W2157829706,12.449848,5.8832912
W2122513521,7.4354634,8.603024
W3147531414,6.2312164,9.701261
W2129601507,7.2427707,9.065448
W2144606593,9.236756,7.8304667
W2105573319,10.406115,6.4623737
W2160876813,5.954423,10.5159645
W2111887035,6.359457,9.605501
W2162624759,-3.156592,4.280338
W2124772261,-1.1216178,3.647263
W2149162697,7.368199,9.116386
W2126253746,12.996763,5.6503177
W2118554350,-2.8411357,4.624163
W2111731533,-2.7229817,4.174532
W2107668088,-1.6184757,3.6679318
W2123981765,-1.2942431,3.941212
W1587493046,10.62924,6.864328
W1561234899,4.873188,9.701148
W1553466281,4.1710787,8.805112
W1596646296,-2.6704042,3.1806865
W1596861285,5.5347238,8.172939
W1567550435,7.0158587,8.455029
W2147434114,6.769011,6.4982686
W2112130306,4.372163,9.050305
W1972380482,-2.7852807,3.8180528
W2478084619,-1.4980503,7.8811073
W2048854235,3.5881274,8.914347
W1999549234,7.3116765,9.619394
W2144769479,4.202254,9.234641
W2148151237,-2.2951431,3.8787394
W1614123336,5.1987286,9.794263
W1866493243,8.517831,7.3351994
W2118627609,-1.7947967,6.072476
W2110605989,-1.7975253,4.8363366
W2134430772,9.214847,7.36024
W1551627518,6.324202,8.385928
W2510401802,-2.5044975,5.831995
W2470801513,-1.7495705,6.255265
W2044943238,-0.47577295,6.097282
W2158247504,-1.8091029,5.0094895
W1591753261,6.6478443,9.293141
W1982006972,4.136002,8.345957
W2000685870,9.889607,7.522953
W2132209717,-1.2287201,3.8502684
W2465295955,-2.5349514,5.1287956
W1561591250,10.792871,-0.7611506
W2137301032,6.597517,9.410509
W2147842609,-0.5967772,8.272626
W2083433035,4.2051454,9.433802
W2105881826,-0.47289473,6.217671
W2467557970,-1.9277014,6.0574546
W2109125615,-3.116553,4.3105683
W2038430224,-0.9878339,3.8510373
W1974302557,-0.7200662,7.025071
W2147591526,6.1239595,4.945818
W2138504198,5.1820006,0.66400075
W2138233612,9.217999,7.956157
W2099096003,-0.15062098,7.0101213
W2145173015,10.941704,6.6643505
W2113270839,11.748412,6.0866084
W1638998264,6.1172066,9.253038
W2038404944,-2.5219734,5.89087
W1972316918,3.6859064,8.904206
W2151545585,-2.402334,5.09309
W1555801887,-2.7850282,10.554109
W2101092654,9.071773,6.052509
W2111170876,3.0880115,7.8951464
W2167357397,-1.4345391,5.1367936
W2150455688,-0.6431915,7.1018653
W2142902249,9.681983,7.7393417
W2144562866,5.1975317,8.155549
W2103557243,4.0548563,7.226897
W2155731050,9.334848,6.781077
W2128975270,4.198893,9.418617
W2141835663,-2.6539125,4.725259
W2165276788,-0.019583397,6.224797
W1618986003,-0.15537788,5.627318
W1544600485,-3.1923473,4.294723
W2152278782,-0.75488913,4.078541
W2685613036,-0.3642511,5.0586133
W2100120619,6.1919165,9.756451
W2110837831,6.1484823,11.01509
W2120569467,10.750379,6.98972
W1511869409,-2.8934593,4.6030135
W2172221034,12.024229,6.237935
W1488984862,12.782909,5.782246
W2118603691,8.12189,8.644597
W2171602937,3.493847,6.7104063
W2169177915,-0.14176318,5.663818
W2096195713,4.0822825,8.2290535
W2115123363,1.2318114,5.919359
W2117037870,6.066897,9.233389
W2294163059,10.80716,6.5169573
W2156984914,3.4937792,8.858292
W2116810721,-1.3603877,6.1038246
W2155963272,-0.9246207,4.097093
W2115309634,4.6074405,1.1876093
W1964661732,6.5436687,6.2419395
W2129803757,1.4986889,5.909388
W2134732931,4.214029,9.454758
W2126751313,-3.0384734,3.6303527
W1504007998,6.1721654,11.0723715
W2134725295,6.1704807,9.799857
W2119138987,-2.698058,3.1665742
W2093771294,-1.0137141,4.0505705
W2084421948,4.556592,8.45278
W1977495668,9.199737,7.965757
W2046773501,6.164097,9.803762
W2054451783,-0.5440958,6.1241765
W1600963972,7.20943,8.805076
W2034427182,-1.4243625,6.4376836
W1985772331,8.894486,8.324352
W1937495871,7.2205386,9.020704
W1831124275,6.312138,8.343727
W2016281502,-1.8981513,4.8244023
W2142972337,-2.152135,5.73615
W2097161744,-1.2487829,4.4816294
W2143138025,7.0060625,9.164476
W2096641506,4.1943493,9.291206
W2046927964,-0.984474,6.8200464
W2091803576,3.8265254,8.85076
W2157541444,7.421281,9.291863
W2133020820,-0.8937943,4.041378
W2133113332,-2.5288904,3.3865185
W2059551110,-2.8526077,10.998149
W2100321998,6.989922,8.633059
W2096270637,-3.1549494,3.7402427
W2151469952,-0.7292817,4.1569524
W2142472794,-0.69207025,6.4119644
W2124238918,-0.98547703,6.6116323
W2158918873,6.2588706,9.66336
W2135129760,-1.0315896,7.0461006
W2103517561,-2.83626,10.678357
W1830192980,-3.0919316,3.371628
W1481928537,4.197257,9.40415
W1484344574,7.3570385,8.706285
W2161014167,10.889696,6.4616666
W2001659964,11.009864,6.582383
W1530130015,12.833546,5.7544613
W2169576231,-2.801964,3.7334974
W2163339655,-2.7842135,4.6402287
W2141466899,-0.90709203,4.1109796
W3145415595,4.1326804,9.449052
W2161171934,5.179199,0.67979527
W2052507190,3.588584,8.887175
W2111137294,-1.8709395,6.040503
W2545232098,-0.5315772,4.820581
W2538209500,-0.98612005,4.7298026
W2014153345,10.531389,7.168183
W2104765430,-3.2035427,4.2487636
W3146744246,-3.135302,3.4318197
W2159989065,4.1436615,9.461268
W1902011139,8.946379,8.264846
W2148512665,6.1715617,11.012081
W1823091351,6.1685057,11.0701885
