-19.1881826888353082	-5.8122240513123833	0.000000
24.5988678601514685	14.2360772294307285	1.000000
-12.7629834069920172	-7.2903071107626243	0.000000
25.4168800109455262	13.3203527064713096	1.000000
26.2314004466469584	14.1409284405115550	1.000000
26.8033803518553491	9.4318744647371862	1.000000
27.9571887413044173	12.4990803610702237	1.000000
26.8360784335633582	14.3030309976351884	1.000000
-19.0669575525421671	-6.5571874306019087	0.000000
-17.9149388920315467	-2.3369844923751861	0.000000
26.5937346218229287	15.1387371976514107	1.000000
-15.9856448377625835	-2.5292117222070782	0.000000
28.5013879463234758	11.9579820064276792	1.000000
29.9896653915962226	7.2270533126777909	1.000000
27.2646053183100427	15.6975817621985314	1.000000
28.1953368344192761	13.4496069567399488	1.000000
-12.6095425465021851	-7.0883232171641319	0.000000
-19.4971696430075312	-6.9404800201043813	0.000000
28.3462002197981917	12.6643368461870178	1.000000
33.9461588508535215	0.4481029152861587	1.000000
-17.3584117401712597	-3.4679765625813199	0.000000
-16.7143047963957514	-0.1846572569725952	0.000000
-18.2463079208074568	-1.9447593434752521	0.000000
31.5961589838520887	5.2050202363653133	1.000000
-19.7364625394113027	-6.7688315631628377	0.000000
28.0467619517554283	14.6069729151953140	1.000000
-15.2364999448631444	-4.7375718235888460	0.000000
25.9548800048745179	4.3345789969132511	1.000000
-17.8438981800614158	-1.1112440747230876	0.000000
32.6729623225855335	3.2810932965232906	1.000000
31.5408032510442062	4.7700338754823726	1.000000
26.0728442830836293	12.8943038907907628	1.000000
28.6660791729801332	13.1748272324470346	1.000000
-12.6864436624148613	-3.5831377627765999	0.000000
28.4695652392897571	13.1882709514258174	1.000000
28.4455822018420648	10.4484255837325595	1.000000
-16.3583978998087574	-0.5139090048394058	0.000000
-17.3555497767042368	-7.2043586993720172	0.000000
35.4978730870369645	4.3990879527264024	1.000000
-14.1379522577197783	-0.5297838292369239	0.000000
-12.9048393881568479	-7.4532177968310558	0.000000
-18.8924559324777874	-3.1978550504832581	0.000000
-12.7860578274409384	-2.0308642891513249	0.000000
-18.1640545707741055	-5.6253809132609165	0.000000
32.6512714287748551	3.1735624960897200	1.000000
-18.5523105809629207	-1.1971737764050938	0.000000
-17.0496408003286355	0.5387617895594738	0.000000
-16.0961896016431183	-7.0050984131626031	0.000000
28.8414431442806709	1.5103452137470950	1.000000
-12.1716177568011759	-1.7945671576231987	0.000000
-15.2523727692886837	-2.6456918843863351	0.000000
-16.0451199696565219	-7.3715130698563227	0.000000
-15.7833771223642110	-3.6811533080518930	0.000000
26.4796268446256988	14.4817843936702513	1.000000
32.8618850275835328	1.3872825592448845	1.000000
25.7589642677678583	9.2671434186134150	1.000000
32.2255187655612474	1.7839990927177853	1.000000
-20.1785066983816002	-4.4490175740117781	0.000000
34.0437522671231463	0.3815174876585250	1.000000
27.2659564315200598	-2.3776350697835937	1.000000
-20.6557956512653575	-5.1226395259310369	0.000000
29.3270092063600494	7.5728536994073901	1.000000
-15.3961808472724240	-8.4523597942590243	0.000000
-16.5029997472476460	-1.7091744999256815	0.000000
-18.4629735016502039	-6.9777599819383882	0.000000
27.2689586147676302	9.5409328165138962	1.000000
-12.7179442454925340	-0.8751611448618939	0.000000
28.7618514297673720	11.2619918901061293	1.000000
-14.2469649261928044	-4.6433002771153982	0.000000
-14.2792257382238805	-7.6521664790654178	0.000000
-14.1647667145767002	-6.3090126873234897	0.000000
-18.3432240808348013	-6.7418723647481862	0.000000
-17.3370261948294129	-3.8415624688428252	0.000000
-17.5105949792833684	0.4863937264911127	0.000000
-12.9071483885176264	-6.4668235391982760	0.000000
-20.4506637893085497	-0.3609169839969997	0.000000
-14.7208598205810191	-6.7014335798298204	0.000000
-16.8405093409975777	-5.1930429186782927	0.000000
-13.7527607889528127	-0.8819347396946454	0.000000
-16.1622726695904397	-3.8777081963333848	0.000000
-13.6671816390962793	-1.8005044511811661	0.000000
-21.3532971427158778	-3.6921465269364560	0.000000
-15.4960404167452417	-6.4643667070218109	0.000000
-19.0459638256523114	-4.1172621628486405	0.000000
-20.3968483578131803	-3.9171324809334913	0.000000
-16.5265669774631228	-0.6370486707547121	0.000000
-18.3349004586017656	-5.7370830428454251	0.000000
-20.4176443809978849	-1.2546795255808365	0.000000
-17.6584055264945512	-4.5920808850502786	0.000000
-15.6811748982448957	-9.1121323164439225	0.000000
-19.0968437486949263	-3.5625548470923269	0.000000
-12.5742566128115101	-7.0216843612228015	0.000000
-19.3618984536466314	-6.4755171141513514	0.000000
-14.3402114106384193	0.4964856813985026	0.000000
-20.8558673268458818	-4.1653632386798245	0.000000
-13.9628813232373510	-5.1491234146236788	0.000000
-20.3397801005593699	-2.5172803096058463	0.000000
-17.0795129991925947	-9.2288152182795606	0.000000
-19.9965129334465246	-6.3686000822734190	0.000000
-15.4988624414625136	-5.9798257521522125	0.000000
-14.7483301542583689	0.6993806936713302	0.000000
-20.1087695171761744	-6.3038028831736703	0.000000
-13.4896835500250951	-7.2423131209452700	0.000000
-12.7831141109481727	-4.8157007513765162	0.000000
-16.2500309992081355	-6.6717603899166908	0.000000
-12.8277383846048103	-0.7402931390631579	0.000000
-18.4543038479318824	-0.1736487007166267	0.000000
-15.6128764021488298	-4.5668697690462556	0.000000
-17.7556270432238037	-7.3660679507316260	0.000000
-15.4156859918691769	-6.8753347735795360	0.000000
-21.2268872973570879	-3.0313245868679850	0.000000
-15.7446895687274857	-6.9829064685566689	0.000000
-11.6421404056087958	-3.8353720161903690	0.000000
-14.6896970633876123	-7.2878490172703705	0.000000
-15.8180303876866422	-5.1680292632188713	0.000000
-18.1564877328408905	-0.1059294527386851	0.000000
-18.1351706029080511	-5.3874624657851022	0.000000
-19.4671764080051126	-5.8496082286561890	0.000000
27.3952014789855944	8.9259086759346005	1.000000
27.6097421845670645	16.2766425945096422	1.000000
-14.7031868785162523	-2.0862364530818112	0.000000
27.6382033314447995	5.6802600835151749	1.000000
-16.1183532908866063	-7.1678425176579728	0.000000
-16.3649981361446919	-2.9217607505470897	0.000000
29.2937730346930856	4.6963798603913567	1.000000
-20.8043176258867319	-6.1881506426694743	0.000000
-17.4457124849085226	-8.5657228196602961	0.000000
-19.0904759223203548	-1.6832238746310981	0.000000
-16.8194606437819161	0.0340477727881247	0.000000
27.2344883473015926	10.7909205927863656	1.000000
-18.6571336383293129	-1.0119988023914246	0.000000
-16.9661129646165740	-1.9651846512349593	0.000000
-16.1367600356846310	-3.6519864625456706	0.000000
27.6101758884007999	16.2757287740677299	1.000000
32.8575487703335440	1.5051107737476193	1.000000
23.5915532588618255	14.1277644674355631	1.000000
27.0246001858636653	-2.9545532569255450	1.000000
-17.3839176978292222	-6.0352098678292325	0.000000
24.1357435071288968	14.3327171693792135	1.000000
-18.8366878065799987	-2.3731291197359021	0.000000
23.5887896050999650	13.9994262889139662	1.000000
24.3640706308383521	10.8152563558249053	1.000000
-17.6149937910019894	-6.7677100848531166	0.000000
26.3537749985459087	14.9962087806480362	1.000000
27.6326072130335447	16.3128868036590475	1.000000
34.1383171307534568	2.9140349588531516	1.000000
-18.7610822753644868	-4.0969222707253277	0.000000
-18.8633947144188845	-7.4146443398864497	0.000000
-18.3910451192689450	-3.2198709451875063	0.000000
-17.7173103327793733	-6.9866043792097896	0.000000
-12.9195330058973283	-4.3474399616715420	0.000000
28.6319207929993986	1.3209192940224228	1.000000
-20.0981287319922082	-3.7419564494334985	0.000000
24.8926853882305785	8.2691309369887858	1.000000
27.6342879877327121	16.3112216811381607	1.000000
-16.6200509500327414	-6.0588956153044382	0.000000
-12.7926700361769043	-3.1666755761865746	0.000000
35.3852904107032771	4.4965121772541847	1.000000
27.9039689284471351	5.1806861534019477	1.000000
-15.6431884624761643	-2.6750812943118198	0.000000
-13.1493464603864751	-4.2619654215840983	0.000000
28.9680675308722684	1.6039167271918648	1.000000
28.2853629386167924	2.1678504068600133	1.000000
-14.8431949220610413	-1.7782663047039136	0.000000
-16.0840671694956079	-4.2527867390098670	0.000000
-14.5562303076192965	-2.4402414842247708	0.000000
24.7290969072863369	13.9330253793172787	1.000000
28.6766773245587459	4.7159882701670046	1.000000
27.9569851513515246	14.3131872083045568	1.000000
-18.9217139774826180	-2.9336784081126512	0.000000
-16.2009329212552302	-5.2041727402465670	0.000000
30.2457601606135391	5.6142000874873581	1.000000
27.5404108836610462	9.6918452610974963	1.000000
-13.5966274939149283	-1.6595522615491669	0.000000
27.1908191581849294	-2.1096735810212355	1.000000
-14.6378821903128777	-7.9632758305103533	0.000000
27.3204403926758381	15.4913960068373537	1.000000
-14.0415505305113282	-3.5199425698698907	0.000000
27.1099433681864603	11.1532613275021184	1.000000
-19.7165456524523819	-6.1011523876831406	0.000000
-16.4786824366344362	-4.5347242119920557	0.000000
-15.5913262001666126	-5.3583461573956273	0.000000
27.6478038540279911	15.1651649223430383	1.000000
27.6159336116407879	1.7200965499624330	1.000000
-19.9879218225096409	-4.2787598363197770	0.000000
-14.8991234045749579	-1.2033417377577251	0.000000
-17.4343962405013713	-6.3325669549888506	0.000000
-18.3069312936202060	-3.6055145181541808	0.000000
-19.2456441135458398	-6.8227740000236876	0.000000
-15.9073733947053100	-0.3467566004436288	0.000000
-14.6816493637677628	-1.8795060981074669	0.000000
-16.5776254951585642	-7.6270590908855862	0.000000
-17.5308443120103448	-1.5137944708590789	0.000000
30.1849101922840717	1.8121399427177824	1.000000
-11.6364050518003985	-4.0216906700053006	0.000000
-17.4906948025304843	-3.2620951224361758	0.000000
-15.6835245301098851	-0.9036978432093244	0.000000
24.4782404352809770	11.8066731429322136	1.000000
-18.2134391989407156	-1.2805241473397759	0.000000
26.2650376058440216	14.8704821854568863	1.000000
-15.4814719906264848	0.9529879072288180	0.000000
-16.3355284262855527	-0.7720241949208626	0.000000
31.3446076599451366	5.8157757125692466	1.000000
-18.1565357284856113	-3.1756509930672348	0.000000
-13.3560891132845398	-7.9372035375418246	0.000000
27.2286008077638755	-1.8585695841499805	1.000000
27.4714789440318192	16.0577077067918985	1.000000
-19.2300778021835974	-4.2668895780962721	0.000000
28.0283330502522681	5.8212989615549855	1.000000
-15.8462400713541118	-1.3071239813505395	0.000000
-21.9397047863969412	-3.2510947348974408	0.000000
-15.4470034176628079	-0.1658172988012841	0.000000
-17.1984489117961346	-4.5156419264884926	0.000000
24.9524625598606882	8.3282206923202420	1.000000
-14.6751549356524720	-6.3642746497263172	0.000000
25.0561554860084392	10.6153748510968864	1.000000
27.6472605688326247	16.3375595519730012	1.000000
31.1162390016204249	5.6450686317375567	1.000000
27.6330001033349539	16.3119773960143135	1.000000
26.2490410481613416	14.4746368045625786	1.000000
27.5498557903138348	1.6115648133848368	1.000000
-20.9103436967077769	-5.9890518105312927	0.000000
25.6032951183989788	8.8166096212865632	1.000000
-21.4978848215530043	-1.8278340172050223	0.000000
-16.3493106771920260	-3.9043054211592207	0.000000
-14.6154690452464990	-3.2875472670673900	0.000000
-19.2312651942098078	-1.9957976384537526	0.000000
25.5463760133719262	14.5427986553415369	1.000000
24.6201665349531993	7.4388297160208232	1.000000
32.1448344117263431	4.7910754554142976	1.000000
28.9268774764047762	9.6785062661034775	1.000000
-19.0760100695224715	-8.7160540614800759	0.000000
-16.6676958851049726	-2.3670600188615269	0.000000
-16.1871934268090421	-1.5896327445500473	0.000000
-17.2595709466151561	-5.8132999966877899	0.000000
-16.6072387803467336	-0.3642483874854378	0.000000
27.6472503972084276	16.3375349322812760	1.000000
-15.3452192366587354	-6.3733434629875605	0.000000
32.2930612303970221	3.8833230309871349	1.000000
-16.4054888993026040	-5.9202173668947298	0.000000
25.9124620832396211	4.0931195752635103	1.000000
-17.8701293989926278	-1.8841659760431382	0.000000
-17.8447723890809726	-3.3928870880063555	0.000000
-20.4402255275666889	-3.6902744617481744	0.000000
-13.5253623329592170	-4.1672017946518203	0.000000
28.0697269695683005	13.1909107010513509	1.000000
-12.0131152069943425	-2.1291441303609151	0.000000
-16.3268657898565017	-9.2160137950767762	0.000000
28.0738131222188443	14.8375664134870551	1.000000
-17.2289912069488977	-8.1813993293416001	0.000000
-20.5416386813199132	-4.1342390384704908	0.000000
-16.7764541758218790	-4.9015871066730279	0.000000
-21.7149183584564831	-2.3456055449425119	0.000000
-21.3390317409092525	-4.1141704443511680	0.000000
-14.4544683411725270	-2.6628340330104843	0.000000
-15.6709608696957048	-4.6478648551649373	0.000000
27.5762826742793479	16.2225464583636843	1.000000
28.0565459231474854	4.5670467419765117	1.000000
24.3734473465450385	8.9463191212756623	1.000000
33.7668655133874864	1.0414444783156476	1.000000
-17.3187803701399829	-2.8248731907307030	0.000000
26.8482292421411195	-0.1273097146749680	1.000000
-19.0521272378439832	-3.8897989713511416	0.000000
-14.4854508153631265	-8.0429151669849936	0.000000
-16.0064362186806264	0.5233483987313313	0.000000
-12.2297569976842198	-1.5382917968451704	0.000000
-17.8925218851325987	-0.0182001686996352	0.000000
-17.4338731909062119	-1.1818620888660980	0.000000
31.7740798930494819	0.2859265097171099	1.000000
-18.3286029035809257	-4.7522799553295947	0.000000
-17.8090116982828555	0.4064295582058417	0.000000
31.8333590123447046	0.4513099820852522	1.000000
-14.4520756901987824	-5.0124731167603791	0.000000
-18.0345559961846114	-6.7157151950125984	0.000000
27.6320257957561424	16.3127812939383894	1.000000
-20.1357982073091755	-8.0358066376359698	0.000000
-15.5597793469857422	-0.4674529711632719	0.000000
-13.1480857557218265	-1.7847447153531690	0.000000
32.3797282804176163	2.6524810145939552	1.000000
32.8845102585142044	3.1675079695503117	1.000000
23.8432718052735559	14.2223213815339342	1.000000
-13.7464160762344374	0.1256259500287130	0.000000
33.9453024851024878	0.5428331041395666	1.000000
-19.1840993502011301	-0.7252001076615435	0.000000
30.4367841952227707	7.5933703239166617	1.000000
-14.8236874175938418	-1.5375333079509110	0.000000
27.6472875539270646	16.3375595174133927	1.000000
-20.4547236253973956	-1.5989947388415295	0.000000
27.3896904165425070	12.7009066736643685	1.000000
-14.7113519343418275	-4.7530471542948725	0.000000
-13.4123971773565867	-5.8995554933970613	0.000000
-13.2389567727691357	-6.2843858053632049	0.000000
26.4207744118761170	9.5884891282633387	1.000000
-14.5473532488349164	-1.5857629879240602	0.000000
-18.3326063301031432	-8.3196869088362799	0.000000
-16.4421712467683498	-4.6420495517585776	0.000000
28.5324733020747701	0.5167046872870313	1.000000
31.1983212042504441	6.4066944586240195	1.000000
31.9251310701357980	0.1497707297353011	1.000000
-13.6907558082399188	-7.0757675892096090	0.000000
24.6628346232137581	7.3776519557866340	1.000000
24.0880207571803560	14.2880334470672938	1.000000
25.0893700842849050	14.0825617174620668	1.000000
33.9799343192519032	0.5081672728379908	1.000000
-17.2180136092991063	1.1110640285174256	0.000000
27.4078383780451738	15.9684423572557144	1.000000
26.8472059141203765	13.3817537893568392	1.000000
24.4003111585426353	9.6664332914353945	1.000000
29.0099377527489111	1.4984188844801181	1.000000
-14.7986589862744626	-8.2313274373792638	0.000000
27.3703981616904422	11.1470419544296746	1.000000
-21.3506161595885331	-1.5611177671152539	0.000000
25.6093231009251170	8.6161331724054229	1.000000
28.1657843250157072	13.7317645422175758	1.000000
27.9638264774962941	14.1331213389015122	1.000000
-17.0142438652944783	-5.1356672639617358	0.000000
27.6471797853317653	16.3375383991064211	1.000000
-15.6973857662158558	-5.5484765739454440	0.000000
24.8054948790319933	7.1438615417958848	1.000000
-18.6024264297130379	-5.7452073630720450	0.000000
25.7484156271097788	13.0127982352159517	1.000000
-18.1191668829956960	-2.3211404634842001	0.000000
-20.6035577439067303	-1.5387610006207988	0.000000
-15.3625473332262192	-3.6935001138900567	0.000000
-16.7863222186078254	-8.6076773429889712	0.000000
-16.3030785612660871	-2.7062076105152091	0.000000
29.8352243601144593	7.2391746400231893	1.000000
-17.0745737585782571	-0.4690312347948104	0.000000
-18.8937304254836000	-8.8001470354933922	0.000000
-16.3971409647089423	-0.0492719997288567	0.000000
-17.6006109115395297	-0.3264983161366911	0.000000
24.3291691538766095	7.7616378698251323	1.000000
24.4167334057201018	14.1468963779816850	1.000000
-13.9642657281775957	-3.8227989612242661	0.000000
-18.0602350328787722	-0.3543137791561696	0.000000
27.3507451269880448	15.7561915958194003	1.000000
29.0518457752057380	10.2759129014873221	1.000000
24.7258308427195814	13.3050634771274670	1.000000
26.7328576527134985	12.7184460088045768	1.000000
-12.3247988331111547	-6.6251145420481112	0.000000
-14.8638041516588455	-3.9003461634947163	0.000000
28.5104742617285396	2.8692824634400620	1.000000
-14.3738490752342933	-0.2112586510173320	0.000000
27.3429586484978380	11.4538597094556369	1.000000
-19.3662712873216485	-3.4876508548936971	0.000000
26.8289911150438130	-0.0428807398366990	1.000000
-15.5827014371221146	0.9796069386505787	0.000000
-19.0085266381097071	-2.4121674110519442	0.000000
-21.3093836261710798	-3.6054603606326725	0.000000
28.0417070509313078	5.2974095203463927	1.000000
33.7717379338297832	0.8339637328774478	1.000000
-14.8142930466636980	-8.8403802207954101	0.000000
-15.9960200184979691	-6.0796788771484653	0.000000
-18.5652464328978262	-5.2703343982940156	0.000000
-16.4421209589250346	-5.0383409768788390	0.000000
24.3600447721088074	8.7876600498822111	1.000000
-18.6290886821627097	-6.1576404537435456	0.000000
30.7062923149297120	1.8792981573734837	1.000000
-15.9155683086439304	-9.1605691194622327	0.000000
25.1657657781325312	7.4782226540319945	1.000000
24.2730826536068740	11.5047126882403337	1.000000
-15.3173273614116763	-2.7212444869530885	0.000000
-17.7822841235184335	1.0369206184604265	0.000000
-14.2299608519382836	-6.4825543125443712	0.000000
25.7055453439209067	13.0390812927508843	1.000000
27.2270390897154044	-1.8366231625636025	1.000000
-18.7704078631795745	0.7424314047026366	0.000000
-14.1416205056582296	-1.4513359791087452	0.000000
-13.1462561684335206	-7.7110308194256243	0.000000
24.8070188825345461	12.6149440349472162	1.000000
-19.7722115274808097	-3.9396028379258636	0.000000
-16.9422272673193319	-4.7447331706892166	0.000000
-14.9778615426073607	-4.4216577128901129	0.000000
-20.4001919470849273	-5.3748851881574797	0.000000
-13.9803867867078679	0.2866385180656493	0.000000
-17.9006482145356145	-9.1212917552656343	0.000000
-19.6235395656184295	-3.6203583197950513	0.000000
-15.6553172071464548	-8.4480414142543765	0.000000
-15.0141123805354475	-1.5280866846198460	0.000000
-15.4879143758077920	-3.6562357423319991	0.000000
29.6569952536410995	6.9475457582577729	1.000000
25.9765740116614516	7.5159032391925304	1.000000
-19.2891168771036909	-5.0107433447399590	0.000000
26.5798310164448779	15.2348964669892322	1.000000
-13.6719062748493876	-8.1880242610151495	0.000000
-21.9470255935239038	-4.7985319865260809	0.000000
27.6591760302036676	5.2644998713857820	1.000000
-18.0639765408064683	-4.6993250644591056	0.000000
25.8617367476110509	4.0581150464426905	1.000000
30.4027537802458419	7.5104370362428474	1.000000
-13.4594518573939386	-0.1020719726341407	0.000000
-17.2273193273605578	-4.6839462320217722	0.000000
29.3494119400004969	8.7100464492853362	1.000000
-20.7256439126086391	-1.6957670760170549	0.000000
27.6283086657747212	14.3765112534553463	1.000000
-13.8414023211398298	-7.6028577947426106	0.000000
-21.2734050216946429	-4.6262525615204586	0.000000
24.0188357895880777	14.2917820719567352	1.000000
-15.5630671949614463	-5.7404243751449533	0.000000
-18.9715270860816076	-6.9824493462763861	0.000000
-18.1086250474011763	-5.3799648031362652	0.000000
-17.3507675079148420	-1.8707501724629314	0.000000
-14.8130506464022815	-2.6273081543845866	0.000000
-16.4847842946772687	-4.0930816839617039	0.000000
-16.3412224526784868	-2.2158858716895091	0.000000
-18.5890628741218293	-5.0169256799214210	0.000000
25.0516076048735243	10.6589989109625183	1.000000
-19.9716246261550054	-7.3530126640443596	0.000000
-13.7520389035153698	-3.9872080893197013	0.000000
28.7928499412512622	8.0068239964305246	1.000000
24.7851558408985291	7.4768350243447221	1.000000
-16.1432061470713215	-5.3285153843222881	0.000000
-15.9484490754750450	-1.2517763423645694	0.000000
-21.1495882794397865	-1.2258548246166985	0.000000
-18.6533019057735636	-3.3528617060991452	0.000000
-17.9767090216470145	-1.7470480039212504	0.000000
26.1087132823424035	12.7756489970515368	1.000000
24.8526776199529067	10.5194301411716751	1.000000
-11.9144065782819890	-5.7241180054110066	0.000000
-15.8782089306123844	-7.5536296761472119	0.000000
-17.0181233145055835	-4.1873605156773790	0.000000
-16.0189460122420080	-4.0630085239090166	0.000000
-18.4396205183910311	-7.5447783977580389	0.000000
28.1247469376574273	5.5767054550924762	1.000000
30.0988161044133093	6.8082669767453030	1.000000
-14.3963808801566486	-1.0474561710251116	0.000000
-17.0354616080919143	-3.5162541953764910	0.000000
-12.9240806460221709	-6.5429408427766962	0.000000
-13.2208390176038204	-0.3206887300391356	0.000000
-13.1777486197792637	-5.7778889450466577	0.000000
-16.8768066676889958	-2.0120027628744750	0.000000
25.8552980133512236	7.6677360321319599	1.000000
-17.9223667506349074	-7.8070124600660140	0.000000
28.0107184234065869	2.1112051099688474	1.000000
-13.6959954599263281	-2.8764765451794796	0.000000
-19.3894494378160687	-8.5553464608194645	0.000000
31.9669705029356663	4.9077230877467679	1.000000
26.1669907885957791	13.3523845489023483	1.000000
-17.6165177545863862	-6.1291381204414206	0.000000
-16.7173658302667256	-6.2559022564750064	0.000000
27.0945529106225429	-2.7333580122553505	1.000000
-16.7993193878206135	-3.6336118971772797	0.000000
-16.4177812877032423	-5.9065815105948349	0.000000
24.9872133919274617	13.1290015538323015	1.000000
24.6055981677818529	11.8826724030633795	1.000000
24.3631006375705290	7.7954119819759669	1.000000
-18.2367400976277594	-4.4211998201255867	0.000000
27.4709731481350659	16.0577842887459390	1.000000
-17.2291271557215460	-1.2685272183470557	0.000000
-16.8119409866614795	-4.6252060041863112	0.000000
-20.8692318264803482	-1.9799396239452367	0.000000
32.5983397701634274	1.9819189069715268	1.000000
-17.8004092944083538	-5.4463472209320294	0.000000
-13.9155899280995001	-3.3638192168431389	0.000000
27.9979516840792364	5.7699764270530158	1.000000
-13.0075321989614814	-5.9978503934541951	0.000000
-15.6280140196501129	-4.0928234500260903	0.000000
-16.8962977984724141	-5.4682160594449378	0.000000
35.4894318693163271	4.4156562521654843	1.000000
-13.6847031914956858	-0.5177322352828001	0.000000
-14.3100644136004771	-1.9281799988641015	0.000000
32.4168395123896076	3.5644407502983779	1.000000
-16.4831903284462271	-4.2299929417029007	0.000000
-18.5463407546776722	-2.7130360827592490	0.000000
-16.3269401860953600	-6.3557393615530442	0.000000
-20.1420122410350046	-2.8354434730430444	0.000000
-13.8299232426044920	-1.4071897076654143	0.000000
-15.6969035598923057	-1.8664534576069149	0.000000
29.8942514859628439	8.1297748327074224	1.000000
-13.1043582543174200	-1.3603738899821824	0.000000
24.8443577729104916	14.0593169536209199	1.000000
-18.7583314382675006	-6.9027010690493817	0.000000
27.2706212160791104	10.8652129062784777	1.000000
-13.3607425945459735	-6.2354855664523976	0.000000
-14.1168963923961517	-2.3363054236937479	0.000000
26.6280319398344147	9.5163563157323097	1.000000
28.1825495875855658	5.1683199320851436	1.000000
-18.2664686274976340	-2.3328696195787604	0.000000
25.0523060146860495	9.4452370606661020	1.000000
-19.1332869199798807	-5.9471052237060062	0.000000
-17.8145420383672146	-6.8784933947412696	0.000000
-17.6225361345491116	-1.8595976653572674	0.000000
-16.2319263797533857	0.5339601937693206	0.000000
-14.1368288354492755	-8.0441105782268050	0.000000
24.2774874168621402	9.0898638017696189	1.000000
-19.0532303830235357	-3.4811507220135307	0.000000
28.9054742002293956	10.6636898572933969	1.000000
34.8642339433088750	3.9041588482903982	1.000000
26.8830629304748676	11.1493623696323532	1.000000
-20.9098583610228310	-0.8820801526288513	0.000000
-16.9955115376744956	-5.8919268535079912	0.000000
-15.3404303786991161	-7.7188925766661702	0.000000
-17.2567901912984780	-2.2408005027095430	0.000000
-20.1546020546037816	-0.1003233632820030	0.000000
-15.1732870565271600	-2.9380196067025928	0.000000
-20.3483776455119845	-7.8495939960401202	0.000000
-17.0632765340888461	1.1227433030635521	0.000000
-19.2624988358122913	-7.2345191265485012	0.000000
27.2466973497125124	-2.2174250505918867	1.000000
-15.5674174902170144	-8.0070894558905863	0.000000
-17.2936208806651912	-2.1505548807764461	0.000000
36.2699733909130089	4.9765088521102889	1.000000
-16.2405387237798493	-3.3230236125091848	0.000000
-18.8063386303133733	0.0279267228374039	0.000000
-14.4176309530658404	-1.9829535546851533	0.000000
29.7774721322126368	6.7897156644222170	1.000000
27.7870839802520528	0.2772265960831873	1.000000
32.7653243223982216	1.3550009649741008	1.000000
27.1414337867083084	13.2142717870228275	1.000000
30.4477849178358255	1.8207980078623309	1.000000
-15.7438249052191743	-6.0531596683740956	0.000000
-19.9510668376071010	-1.6409067803406627	0.000000
28.1408015350170224	13.9334985894355494	1.000000
25.1417196161836607	8.6148990600881792	1.000000
27.6323222675862645	0.6841872188560320	1.000000
25.7258103360152752	3.4752954679791190	1.000000
33.3730583238748437	1.3483267314937659	1.000000
31.3827942939293223	0.4523660137368896	1.000000
-14.8906053647911385	-6.9425665969593044	0.000000
29.6423515983034420	6.5316358725159471	1.000000
28.4636253245103070	2.2886463641749826	1.000000
24.6001892411906020	11.6493974943315131	1.000000
30.3115746570290021	7.0807251696876650	1.000000
26.5287593408546769	9.7764825657485233	1.000000
25.7885317142371555	12.6852261535028354	1.000000
-17.8341657986148583	-2.7110144098093980	0.000000
28.9385243936255634	10.4689578971118031	1.000000
31.2965378367310265	1.4279259931994843	1.000000
-18.8789389411501780	-1.3086115666927594	0.000000
32.3695627439797633	4.0680736450680364	1.000000
26.0653398378099723	2.8651288767962093	1.000000
24.4282226318109679	9.7489129550463076	1.000000
31.9208019185539840	0.1804418412838486	1.000000
28.1415327243843443	0.7496822612726247	1.000000
-14.0374849259876289	-4.1274870048537409	0.000000
-16.7144463588182681	-1.2421525112932688	0.000000
24.7493696843238808	11.6819672981290754	1.000000
25.6303288019689539	3.6899495774797044	1.000000
-16.6875342104396012	-0.9633699193885826	0.000000
-20.5265201178826402	-6.5703784016653435	0.000000
27.2143104976924768	14.1638348308919610	1.000000
24.6072697280991051	8.3894183677857512	1.000000
-18.8991236195683889	-1.1729874112004153	0.000000
26.9093472574465444	5.6607393191171660	1.000000
27.9044156697002101	9.2222523764343016	1.000000
-18.3379687799627433	-1.0234760184799647	0.000000
-21.8325627296246978	-5.3733957652551751	0.000000
24.3469564220239505	8.4228674980353873	1.000000
23.8918946336292102	13.3156018040241975	1.000000
26.6938404167606436	11.4663775407414494	1.000000
27.4081451586798686	1.5795275143428853	1.000000
26.0680183328678119	9.8622479984658806	1.000000
32.2588456241514763	4.4368661420497073	1.000000
25.0043826828595144	7.1202283997391485	1.000000
24.3640905277868818	8.3374169165627805	1.000000
27.4021396722685608	12.4429371551858843	1.000000
26.2332278567490640	10.8351909963548305	1.000000
25.3775343481357787	13.2761217071135462	1.000000
27.1473217668004168	-1.4364872640697111	1.000000
35.5564695916655751	4.4713240120870790	1.000000
-13.8026221977912726	-8.2922437689148456	0.000000
-18.0127844522892495	-5.8731216585040187	0.000000
31.5143983606771769	2.7798984737410883	1.000000
-13.6510702561088220	-4.3643155578231729	0.000000
28.9682739218975165	10.7069693459034738	1.000000
-18.0750881333378608	0.9700982885981178	0.000000
28.8785411377184396	8.8806438799272698	1.000000
24.8054556018752486	7.6240582696481356	1.000000
23.3906952709477416	13.8234027377565685	1.000000
-18.3585853254516529	-2.6532883261311873	0.000000
29.9684863235713230	5.0129286148967100	1.000000
-19.7466650999439430	0.2164097440237082	0.000000
26.9788042858783434	1.8261069886816785	1.000000
32.0279792809337707	0.1591491170060776	1.000000
31.8300193749847118	2.7083548329756661	1.000000
-16.3324127558647021	-2.9947549111119525	0.000000
-17.1833473930707648	-4.8680603990503899	0.000000
27.0414906653933294	-0.5832388476090383	1.000000
23.5456615661186959	14.1080496799641395	1.000000
28.3486090559900106	6.8075671588813078	1.000000
33.3141696259249969	1.3546275438176436	1.000000
28.0092804139505489	2.3310961796036835	1.000000
32.4619289090089538	2.6202359673204256	1.000000
29.5981830130906260	5.1570067593986568	1.000000
25.7898413171517049	3.3411917704336371	1.000000
25.8027178438116174	9.2541434496874047	1.000000
26.9465292676623456	-0.1519171406099093	1.000000
-18.5905774389270206	0.1698154203235958	0.000000
23.3980902921665077	13.5853875333310068	1.000000
27.4154942786382492	12.5717530143508931	1.000000
24.7610053449601502	10.3110343738376429	1.000000
24.4630370155997845	9.2106256236829402	1.000000
34.5172694693127582	3.9955163792479969	1.000000
26.6274011884505164	0.6080808634103188	1.000000
25.1652621375989121	8.2479851447419072	1.000000
24.4168323609662181	10.0519826582050307	1.000000
26.0916879304944267	2.5215761248732780	1.000000
27.1153041303681945	-1.4009952694503178	1.000000
-19.2345631551021867	-2.2379460801956972	0.000000
33.8758213310097460	0.6925912903215238	1.000000
26.5896461555078822	0.7472411544325580	1.000000
32.3131288576446210	0.5340626583530613	1.000000
31.1305724630735732	6.3307507012939652	1.000000
31.9437957720033445	0.3685029243324170	1.000000
-19.6453933705002655	-2.2507246168060537	0.000000
24.2857018970245448	9.2404738241531543	1.000000
-20.3277838075640211	-2.2507454557539828	0.000000
26.0684168246711678	4.2021237822146578	1.000000
25.2674001563581498	8.4355001797613447	1.000000
-19.3604738661137077	-7.8673534084067613	0.000000
-13.5237448906401969	-1.2350520619244969	0.000000
24.2332075005367358	14.2368358086433240	1.000000
24.4115138391357789	14.2755508843100376	1.000000
29.8333525718441734	8.1804877193109728	1.000000
-17.2036091224261298	-4.9103676626004704	0.000000
31.3134022062644206	4.7951325302223129	1.000000
-14.0537403771135487	-2.6238935253818036	0.000000
28.9449322965041844	1.2456136545431684	1.000000
26.9922575935953937	-3.2769237737887993	1.000000
28.2107427774124382	2.4405183204940206	1.000000
-18.3841660342309687	-5.2283087432323132	0.000000
32.4734049734192993	-0.0534427319410094	1.000000
-19.5225375115758553	-4.1695086547913718	0.000000
27.0105606345644134	11.3682139490102028	1.000000
24.2656002379350717	13.8491781077332039	1.000000
-14.7360304161983606	0.1423931187466212	0.000000
28.7579172909113616	2.4188082538954392	1.000000
-15.8152672682637245	-4.2755665029387790	0.000000
32.1346514648447865	4.7973865897528656	1.000000
33.9052392042719717	0.7203170128741454	1.000000
33.7940659332336111	0.7211709105779338	1.000000
29.6863503207141122	6.9028878267138474	1.000000
-18.5158806908851155	-6.0337037821016279	0.000000
28.9159990482326741	8.0731437003931745	1.000000
26.6126567151953921	13.9123025204920197	1.000000
27.1638313406275742	-1.5683983786912341	1.000000
32.5705455403235931	3.6519993124074412	1.000000
28.5254131088757674	6.2242832283496199	1.000000
29.8019358023007008	4.9347000322852193	1.000000
-14.6860607555805078	-0.8201959074773061	0.000000
31.8268415746955569	2.6062374116463993	1.000000
-14.2589433849033345	-3.5549249704580168	0.000000
26.3957759174281961	13.9902284454402981	1.000000
-17.6051877407967297	-3.4291211046011774	0.000000
25.0999285006908188	8.5017259425341258	1.000000
28.9115089998369861	10.6410908567884128	1.000000
26.3091549038855810	13.9247962075998455	1.000000
27.6981405681296060	12.8507487122618169	1.000000
26.9967737631299975	-3.2792755943461720	1.000000
26.9820060010339837	-3.3867994862215913	1.000000
-15.5489744685735918	-2.8059302612968078	0.000000
-14.8492379403757120	-3.4487687086304812	0.000000
26.9346904291077074	0.1223646758842169	1.000000
31.8032314499171491	2.2851045736138151	1.000000
32.6122643728722466	3.5665947127029467	1.000000
-17.2411901097019573	-5.9383008630427252	0.000000
33.7380920556025359	0.6962547164102827	1.000000
26.9910472210211374	-3.3071762297767493	1.000000
27.0007808802306286	5.4935260898929457	1.000000
-16.7005465916781439	-9.2348286622245173	0.000000
35.4458544822592287	4.3733482021148120	1.000000
30.1134973005653563	1.9486092588784034	1.000000
25.8641430803507930	3.2498129437769894	1.000000
-16.0640430756072092	-1.0260140492393401	0.000000
-17.7370102851029507	-7.8325811207488805	0.000000
28.3141414039496766	0.2149599261044303	1.000000
-17.2151543241217055	-9.2211089564034410	0.000000
28.8678762667640925	10.5638057155426921	1.000000
-15.1431889944382565	0.0938195287996082	0.000000
28.5150437832123309	8.0944904642455580	1.000000
28.3284877227915750	6.6759431917662528	1.000000
-14.7682806039981145	-5.2677850862960351	0.000000
-17.5677680355218833	-2.4484179916247797	0.000000
31.2651849388177681	5.3879282581847043	1.000000
27.2454678243856137	-0.2316851441862836	1.000000
23.6878447620275345	13.0860827550691248	1.000000
36.2688724785455534	4.9768135382458327	1.000000
-15.5641301163409782	-2.3204490674226195	0.000000
24.3728558583435699	7.6026493545454601	1.000000
29.8986208373143434	7.2390916652973694	1.000000
29.0638032172573695	9.5306473308160857	1.000000
-20.2779660750025208	-6.7276874484852227	0.000000
31.4192791963461353	5.0808948039429973	1.000000
32.1607170628713774	0.5303351812721774	1.000000
25.7672223841973889	11.1654773006151125	1.000000
26.9898291197169833	-3.2602005209411860	1.000000
23.4713010227371761	14.0222406140810296	1.000000
-18.2750161606508321	-4.3049833017856445	0.000000
27.4621460247346363	0.9199802292055717	1.000000
28.3900751121671995	5.6756627799637327	1.000000
25.8465129830160301	3.3198460611547391	1.000000
-12.6997851245536886	-6.1206639217001078	0.000000
24.3350408460658052	12.2814052320791109	1.000000
-17.7366279962578837	-2.2136568134004531	0.000000
-20.6556664511536816	-6.7914686754244471	0.000000
32.7017846325094510	0.6773605527772485	1.000000
26.9820361505937143	-3.3810767043132728	1.000000
24.8479900752444323	7.4497360944459290	1.000000
-16.1565185725365374	-2.4279769515152023	0.000000
32.7586381120161363	3.4626307645181904	1.000000
30.0179121124151287	8.9083922517997234	1.000000
26.8516865984022601	4.7808742505711628	1.000000
27.2760558801820885	12.1256358952987231	1.000000
33.7098915465836839	-0.0246070945771214	1.000000
27.9679811510076384	9.3745897386242074	1.000000
27.1722798605800051	15.6977966264862516	1.000000
-19.4624953575204387	-4.8020466474298615	0.000000
-16.7119954399442499	-5.7543248638945137	0.000000
27.5167191220353260	11.6497308709344356	1.000000
29.6528485396826724	6.8166444131759336	1.000000
-12.2734462939547555	-3.3657501538470203	0.000000
26.6347980006176535	9.8323566816315555	1.000000
29.9571685382099595	8.7028551347595382	1.000000
-19.8287578946880174	-2.2502455080102846	0.000000
31.8387796148824052	0.3466701648662482	1.000000
26.7759364558885906	0.9084126964812000	1.000000
28.8103164886270164	7.8483271082919739	1.000000
30.1733512752988453	8.7571293004979172	1.000000
23.7379960862737853	14.1959001540085143	1.000000
24.5662104530014886	14.1169602390908597	1.000000
27.2893083943425090	10.6195358519242049	1.000000
25.0879383354522041	13.2933053490006667	1.000000
27.7033744307069760	12.8094497417815845	1.000000
26.4782702540025738	12.8545360833236817	1.000000
26.9690006077989146	11.2023833963307915	1.000000
26.2772815331039808	14.5398167444237725	1.000000
25.8966463197750549	4.1594662149504922	1.000000
-16.4189220943017062	-1.2150862305377763	0.000000
28.8799035070872456	6.2067890774538954	1.000000
24.9176122478077247	10.7446520270761035	1.000000
30.5030927965849301	8.2601195134829126	1.000000
25.3692603865671060	14.5828099654536540	1.000000
23.6908894199835096	14.0739800019446335	1.000000
-20.2141308541764815	-6.0106774501081297	0.000000
26.6999397610392428	0.3791746034751483	1.000000
31.7404326252872977	3.5626147087820583	1.000000
27.2897229317538397	0.4102655248150303	1.000000
25.4039111901035533	8.9821136368723327	1.000000
28.2317712962112424	6.5497369175231652	1.000000
29.0474941237456221	10.1127823526605312	1.000000
25.8759285136957367	3.1663847778058209	1.000000
33.9804774575387611	0.3444923067865324	1.000000
35.5789604035708251	4.4639922754475885	1.000000
-18.1494403213618511	-6.4202317719067956	0.000000
27.6433244055770047	13.0601345173955110	1.000000
31.8640255422474610	2.4293892271753061	1.000000
26.4443030747895271	1.1203201859489471	1.000000
-17.7162917513926566	-7.2744120152624800	0.000000
-16.7166236979308280	-7.0931346214683808	0.000000
-16.7839064356427308	-3.9972989497743243	0.000000
33.7694873369117659	0.6548695023311096	1.000000
26.3899940619038489	2.1664073849199368	1.000000
28.7528081362758918	10.8020499674525947	1.000000
24.5615701846573238	13.5998238664110271	1.000000
25.9101370071835326	10.3469441547191519	1.000000
33.7261824826714900	1.0320774482881823	1.000000
-19.2078750916102727	-1.3025189707200773	0.000000
26.8151729445213363	1.9367840523835185	1.000000
-18.2616929386807350	-9.0308944781009028	0.000000
-16.2464845303840981	-2.0492058272246418	0.000000
25.0895343577102992	13.6409120105813919	1.000000
-19.0187841004685474	-6.2575845565975659	0.000000
29.4919398651002460	5.0083198897357173	1.000000
35.2415215668578625	4.5418656752771005	1.000000
29.7933969974606114	7.5808626146737108	1.000000
26.0604515680614917	9.6545452663576175	1.000000
28.1208581102630646	11.1360383958195648	1.000000
24.5113925202769387	10.5518140617157385	1.000000
-17.3891473457949850	-7.0087050889010172	0.000000
25.4470751548358294	12.3815176490818537	1.000000
32.3223932087796939	2.5096088786445345	1.000000
29.0070110990436163	1.5373469926145815	1.000000
33.9036654055980406	0.6508792400797182	1.000000
-16.0164464167485221	-3.1877398407616138	0.000000
27.3041869066135696	-2.3647503128249103	1.000000
-20.6271794300603730	-0.5545272509981090	0.000000
27.1133868120713366	-1.7649987760428836	1.000000
-15.6772132551885903	-5.8160381316378045	0.000000
28.8382431667829877	11.3221260216045927	1.000000
26.2190118992285477	14.2765557875295368	1.000000
28.2035984851937336	9.5706876300384796	1.000000
-19.1097003926831484	-5.2855377095118143	0.000000
27.2124010775228022	-2.1987633648495719	1.000000
24.3567737457400249	9.4678799657675583	1.000000
24.6982263891311753	10.3502504381029414	1.000000
24.3166196803009100	8.5827574356117484	1.000000
27.4111399849721735	-0.7122739650835548	1.000000
24.8351814603804399	8.1802999441930559	1.000000
-20.2621048367538066	-1.9417494263197022	0.000000
30.1408950074401787	8.1133696422376858	1.000000
-18.2149479951877318	0.3011984965668172	0.000000
30.1156910052328257	6.8985811255771265	1.000000
26.2607810061168649	14.8731651945709658	1.000000
29.8284234558277497	8.5292860328998419	1.000000
28.6900548219257381	0.5525629379358373	1.000000
24.5846611575254741	9.8194690752741014	1.000000
27.2920184199885263	-1.7898626548188039	1.000000
29.9184294628958476	1.6941159428289096	1.000000
26.9885880400395770	4.9066230441847312	1.000000
24.9759871911212628	14.2625650717498296	1.000000
35.4951078623529952	4.4812206990217947	1.000000
27.2039683278201743	-1.4621375628227828	1.000000
32.4326249927296857	1.8360896438222913	1.000000
28.1899504774174403	6.0840588580942532	1.000000
-16.8292259803847273	-5.5813831744265174	0.000000
24.2513691241154987	13.3612584046470086	1.000000
26.5094531434994920	15.1245103164341277	1.000000
-14.8641955554771705	-8.8601250331415091	0.000000
25.0269043708518808	8.4394977859562843	1.000000
29.8889391312485451	7.0585030776822038	1.000000
28.2248405216606848	14.5989760209705555	1.000000
27.1141579478897299	-1.3525747010234412	1.000000
30.2454799101652796	7.1814596644105810	1.000000
28.4583828354458603	0.8855411785394725	1.000000
26.0142275523531232	7.5689884899307502	1.000000
27.0782928186774789	-0.1019989272842931	1.000000
28.9266855559601268	8.0026081782994307	1.000000
-20.0023204138916277	-0.8276278249181860	0.000000
-15.4322093171485033	-4.7174744221812119	0.000000
27.1601564125239072	1.5786278228512207	1.000000
26.9912226367546175	4.9871210437778037	1.000000
25.7870469585857727	4.2002058201814352	1.000000
23.8507662602075854	14.2268557826421613	1.000000
-12.2972508919765797	-3.6960759193262884	0.000000
-13.4106943534636773	-3.1117848733042286	0.000000
-19.0984549112020261	-6.5490202754950575	0.000000
28.1468321859143167	2.8458497491220269	1.000000
-20.4905098310092164	-2.8988033852128590	0.000000
25.6787521603197355	3.7158165746124556	1.000000
28.2690197712542002	2.2495401805896780	1.000000
-14.9328845172034832	-4.9082816221039174	0.000000
-21.4739605990010283	-6.3332499548629011	0.000000
29.2999019220143140	4.5902686722645427	1.000000
-17.6575070880536735	-3.1651988324165745	0.000000
-15.7424574722188382	-3.6882471371382661	0.000000
27.1154552473247072	-1.3629689241543956	1.000000
26.7005067873491946	0.3001541998319014	1.000000
25.2069797724015281	10.8554635302386320	1.000000
28.3378756261041111	4.7788727870946639	1.000000
26.1625550045659239	14.7802736834967234	1.000000
25.9135706076111987	3.3066594692876072	1.000000
26.9434430211442724	1.9067152762891828	1.000000
27.3792646747610107	0.9570891031388274	1.000000
-16.7782248378394492	-2.7739500217223378	0.000000
28.2847507013492248	10.8396574716835783	1.000000
26.2366994594941367	13.9956551793250856	1.000000
-16.4129067492096326	-8.6163470196774199	0.000000
-18.5889053837848657	-8.9229231037356396	0.000000
26.2348465554613064	12.9022078034831775	1.000000
-19.4493962099646254	-3.6166324857875503	0.000000
23.5896050824822545	14.0014841224167750	1.000000
-15.9491304112580377	-8.0817651638321752	0.000000
29.7423508829190801	8.1789815380875890	1.000000
28.2888815054964198	9.0849737492370011	1.000000
30.3638210854790600	7.0489579167860272	1.000000
31.4275077256610231	6.1483219494530905	1.000000
25.9123328096841803	4.0197464795628237	1.000000
29.4370285969558978	6.4777792694449694	1.000000
-12.1900487759557699	-4.5977968959726514	0.000000
-15.2854360797362840	-1.2851228637591938	0.000000
28.3677490039821691	8.0133140406235341	1.000000
25.3259746895876177	8.1703040813558463	1.000000
28.7253926919105282	0.8617384971866254	1.000000
-13.6895386529634049	-2.4170909398921037	0.000000
27.1638779310530332	-1.8344916539292997	1.000000
29.0239417683059457	7.4572454941574673	1.000000
-17.9115754530615376	-4.3918838496623778	0.000000
-18.3573305433293967	0.2540433837101472	0.000000
34.0578698658105736	0.2379827609174134	1.000000
25.9880519651081094	9.4797213094829473	1.000000
29.8180764669641505	7.1097498487360129	1.000000
27.3191657002721584	-1.9715008957449949	1.000000
26.8131089952642903	11.1327736069995460	1.000000
24.3984040922946157	12.5124948525827708	1.000000
29.5149968975130328	9.4246315389526778	1.000000
-18.9648024498129821	-2.0067753061060642	0.000000
23.8340017538713944	14.2191941910623321	1.000000
-16.9905479150174372	-0.2044212524858662	0.000000
30.7582703094902854	6.6148735491324997	1.000000
24.9169691047304269	7.3872008567199625	1.000000
27.3254349124230913	13.0343480243266487	1.000000
27.2401834468716899	-2.0173135540276275	1.000000
24.4095552245868106	13.3936893718089181	1.000000
32.8767622594383937	1.7663185799044763	1.000000
29.7199222426103624	5.4638932298053913	1.000000
-17.1283677266534191	-5.6396934252453397	0.000000
-19.5408256570134995	-4.3730985886778484	0.000000
-16.6733061644302509	-2.1484889686519599	0.000000
24.5853905819733711	14.0046392695989077	1.000000
27.0129186384832281	-3.4971992505992096	1.000000
28.0371286857885167	4.8341024186392367	1.000000
-15.1856822764447745	-3.3128677328357479	0.000000
29.8700778495774166	6.8037162276756229	1.000000
-18.0461178084986713	-2.5602312154216613	0.000000
24.4086236192767707	9.6329172336313018	1.000000
26.2613799980748048	2.2118421100716468	1.000000
24.1238197036608568	14.2819327401765062	1.000000
-17.4379697245314524	1.0892675539289378	0.000000
-19.4452030062214476	-7.0687380251720597	0.000000
-21.3207069394004165	-4.5345554525461127	0.000000
-21.0118950297704004	-7.1336320770307617	0.000000
25.9814486988552922	2.7647337752134744	1.000000
28.4767608364456990	10.1141518019202064	1.000000
27.5573102064259032	9.0061286743631488	1.000000
-12.2965247718924431	-1.5821700770156382	0.000000
28.3576676258268847	6.2607959125959516	1.000000
24.4421947631095300	9.0650267044805961	1.000000
26.2070454255840133	14.9944297970895413	1.000000
27.9909169409573124	10.4512302030264852	1.000000
-18.1191269894907485	-7.0973041927803360	0.000000
24.5185272725668710	9.2576276888012536	1.000000
35.3877909837768314	4.4805360143034942	1.000000
26.9957151608177419	-3.2546515266611280	1.000000
-16.1459060007945396	-2.6480632667802304	0.000000
31.4856795060066155	1.6904798262771916	1.000000
27.0325419959560769	0.2999412146020486	1.000000
-14.7081011296814932	-2.9550081446749497	0.000000
24.3688474697395421	8.6521439413874113	1.000000
31.2220205407170432	5.5644826122367093	1.000000
26.9615772290035167	15.5169116306397363	1.000000
-16.3145729579360328	-5.4478131290101732	0.000000
33.9486448171999058	0.2117800270686193	1.000000
-14.9352883628845809	-2.4208080092877373	0.000000
33.8741787612587402	0.7241061110854918	1.000000
-19.7789834428083502	-4.8330819273626346	0.000000
27.2721962143295897	11.8417086907606084	1.000000
26.2722822628608021	4.2389287059780711	1.000000
27.0007297226863763	-3.2165330772779237	1.000000
28.8542933282648946	6.3508924439758196	1.000000
35.2316147780811590	4.2729889330666548	1.000000
27.8927695324915099	8.4459796968597214	1.000000
32.2128471814950501	4.5393174424646237	1.000000
-18.4733898216674994	-2.3154006900386412	0.000000
27.0866106011088874	-2.8972292413634926	1.000000
-20.0436676419802602	-8.1043748545917644	0.000000
-17.6218174978189097	-8.5251470562311287	0.000000
26.2196924200925565	14.3577948079067070	1.000000
-14.2216676599579568	-1.5476349455684151	0.000000
-16.9125321777691795	-4.0321586133115916	0.000000
29.1753296306630752	7.6568791165729326	1.000000
32.3686297999443440	2.0509846067383428	1.000000
24.3698328213826123	10.6877293385681984	1.000000
-17.1678963450951976	-2.8515091107970050	0.000000
-20.0959766332784717	-0.0506355155673340	0.000000
33.8128491514044995	0.8338598949591788	1.000000
32.5239272423227490	3.0096698099524439	1.000000
-20.8736405942091636	-2.0670828916107542	0.000000
-14.7937337405218994	-6.4868093914066929	0.000000
32.1344098981234438	1.8009562747034016	1.000000
-14.9991015113444472	-2.7098371974665478	0.000000
24.5858962640248038	11.7239826481760350	1.000000
-14.5549637997447032	-5.4294688361085282	0.000000
26.6660595538327421	13.3420436343078350	1.000000
-12.7602601766263319	-1.6288284236866371	0.000000
27.8424386403710287	5.7214060178551218	1.000000
-16.0425942227083631	-1.6312426263144271	0.000000
29.3026615932778363	7.7486905516811886	1.000000
28.9492518136992061	1.5016221703315016	1.000000
-14.7959431132467305	-2.9227768719290470	0.000000
-18.5415608092585416	-2.4439214264930653	0.000000
-16.0058753184100766	-5.0251360380434615	0.000000
24.6001712328156472	8.5457638757124634	1.000000
27.0367477024892615	-3.2711949324939669	1.000000
27.8925688082645138	1.6026108857216448	1.000000
23.7453907011599910	14.1953176861579689	1.000000
27.3701391960527403	1.7192457872011770	1.000000
29.9449956172870770	10.3764857936245143	1.000000
30.3048808934332641	7.1753730468285033	1.000000
27.0216544461111496	-3.0099483618073299	1.000000
-14.4353025821761332	-6.8209489685406846	0.000000
27.5071154381220566	12.3681047133650885	1.000000
-13.1487189185483970	-6.7720166816313192	0.000000
24.2780462278995692	9.3906280779862925	1.000000
25.8092999846237916	3.4404048554426399	1.000000
29.7679600336328107	9.0365723385080763	1.000000
-14.3899238088329149	-6.5246613467366368	0.000000
25.7040020126681590	8.9180837822021317	1.000000
32.5269574894598676	2.5254262620904471	1.000000
-12.5706013661544613	-5.5740706793542127	0.000000
23.4995810460060461	14.0508415852907902	1.000000
27.1557954828451251	-1.1126324809548012	1.000000
-17.0186469437764423	-4.4779418318405648	0.000000
32.2850671978891057	0.2773654891485052	1.000000
-15.0389334383816049	-4.4001968444745856	0.000000
26.9570328119993263	13.7868189806002963	1.000000
34.0086368842544502	0.4740330133343751	1.000000
30.2405446930397197	1.8684144574733959	1.000000
32.5943221434930308	2.7406850537179781	1.000000
24.4939617100726146	11.8375086596190169	1.000000
28.1611661131544224	5.4875806909945801	1.000000
26.9952348920958158	-3.2467995914534815	1.000000
24.1601289805302741	13.8177278640426984	1.000000
27.6256039988216173	8.7377431020908922	1.000000
28.0924745642124201	0.0330853831271059	1.000000
28.9507094911955818	8.4216212795785399	1.000000
29.0931399219029245	1.0629316076667739	1.000000
28.4120401914387841	11.6111843839596389	1.000000
25.0478100457005333	14.5170566094418678	1.000000
-14.9222849574545489	-6.0086238894215231	0.000000
35.3606306661041359	4.4243602388667620	1.000000
23.5162184569884332	14.0678050062584195	1.000000
27.0069980610534586	-3.1692835421255485	1.000000
36.2270372064585615	4.9458860339462154	1.000000
28.4420597128538972	2.6019483458963890	1.000000
26.4561068661544994	9.9317803343068114	1.000000
26.6672318487481377	0.3752426109255694	1.000000
29.8780409290630296	8.6258164574418235	1.000000
24.4827607591498655	13.2342859566701314	1.000000
24.4863483885713045	8.5820484216968911	1.000000
27.1337238822233360	-0.7184994657339762	1.000000
31.9674585674085314	0.3326164456180482	1.000000
31.9351853957119971	0.1531787363519498	1.000000
31.9396697515329215	0.5954794430704099	1.000000
-17.4810507271791025	-0.2682568483645117	0.000000
27.3005752233837171	-2.1952332863379347	1.000000
27.5586529419639348	12.7415746329585975	1.000000
27.8697368483470562	1.5222084952162287	1.000000
24.7412848428976559	7.0915126557653512	1.000000
25.8398831583449216	9.7906935790277672	1.000000
23.5883166610796948	13.2722994106547461	1.000000
28.0637553814992415	11.6033319423577908	1.000000
27.5285701655181292	0.9010952181146494	1.000000
-20.4172831336057463	-2.5733457983015597	0.000000
25.5969075917788160	13.0694010407328030	1.000000
-17.4840432649726942	-2.4911384157203562	0.000000
27.7949942793323537	13.7280330062999649	1.000000
-19.2607766558773612	-0.2373547784419061	0.000000
26.6659662374077691	14.9577780555031357	1.000000
26.1266572629702054	2.3452298256501876	1.000000
26.4660346555822770	14.9651719882761718	1.000000
26.3111834698453784	9.5776870769078748	1.000000
34.0472913682794456	0.3238180867440635	1.000000
27.2627776503892321	0.5239564887630518	1.000000
27.1056563140765263	-2.1595842382446775	1.000000
29.5360842193228628	4.8255455641417289	1.000000
23.6766175748258760	14.1663667690392145	1.000000
27.3785278058380186	0.6167833451317629	1.000000
27.0165317081845622	-3.1425502655283291	1.000000
25.3803881500746762	14.6992163208105069	1.000000
-17.9264429598118191	-6.1203491798580725	0.000000
29.7008079973189894	4.7975871427601549	1.000000
29.0605197990747897	1.7438352632757146	1.000000
27.0190028404917513	-3.0702569686664223	1.000000
26.5696462555348809	11.3497251334265279	1.000000
27.6832734206092823	9.0202776272561032	1.000000
-15.5273319375429644	-4.0545485065688300	0.000000
26.6891580266199639	11.9345702094522927	1.000000
26.0559064348951352	8.8603895113724835	1.000000
26.9782907755538339	-3.4383812880697300	1.000000
27.0136370231632412	-3.0588456867016189	1.000000
-16.5953356024613470	-3.7634565086435092	0.000000
33.7510717209963715	0.0277647365016968	1.000000
26.9893120080657241	-3.2592644829393502	1.000000
-15.2780424425924188	-3.5476803106432353	0.000000
-15.9653313196117441	-6.6359261068335638	0.000000
26.9971161866041278	10.9777662008791008	1.000000
27.9924420704301085	-0.1215414093202239	1.000000
24.3892551984641877	8.1758109568650461	1.000000
-15.8612325828292100	-2.1273021664828300	0.000000
29.2198577127765340	4.8412771571194693	1.000000
28.6256170253838071	9.1822594721266260	1.000000
27.5784334853969497	11.2841983694377728	1.000000
-11.6439840950215725	-4.3376920291032404	0.000000
-16.6423815174503282	1.1253285308169074	0.000000
-15.2869745597566489	-5.2617579068389029	0.000000
26.9781347693920956	-3.3854298061138830	1.000000
24.7916779314424076	13.5337568916723345	1.000000
29.2834824869450721	3.4204283101174822	1.000000
27.3298313593477644	12.7378675171270501	1.000000
28.4158528000382162	3.4260479497534506	1.000000
-19.6532140160418258	-5.2569700133817578	0.000000
-17.4582626294601617	-2.9075986387342887	0.000000
27.7916446496264733	0.4393431894492741	1.000000
27.1124173862523286	11.1561437579598870	1.000000
29.8658004074313759	6.4481047640744267	1.000000
32.5139756704970324	3.0041017095913456	1.000000
24.9949507414745469	8.3945328944421895	1.000000
-12.2289683672340015	-6.4559364690029284	0.000000
29.9318631837995675	8.0290939904643235	1.000000
-12.5200243002426355	-1.1295805045825780	0.000000
29.4777024854766090	4.6481255988412036	1.000000
25.7753660590543916	3.4303117928906439	1.000000
29.5815151625757551	5.1282989109693924	1.000000
-13.4082447867759900	-1.4191010514047437	0.000000
28.6871729406062315	10.1878751571982864	1.000000
27.1033420913243930	-1.3150260681923462	1.000000
26.9028943054919658	-0.2178304759429956	1.000000
25.8698776739644778	3.2679994294414474	1.000000
28.5976339253698590	7.7972166732960035	1.000000
-14.0680969503028273	-7.0355505420641773	0.000000
28.1537190746383565	4.9276996804002202	1.000000
27.2047011654661084	1.7401640876773337	1.000000
32.8129182171281926	3.2506533507259179	1.000000
23.4731910976233316	13.8744492086760278	1.000000
-17.3305640090432185	-1.4229751587517492	0.000000
30.8785306615748389	5.9801443741267430	1.000000
-18.1538572535533014	-4.1003408279316558	0.000000
26.8358770915304206	0.1592504265978464	1.000000
24.4848993414171474	8.4931078495463534	1.000000
32.4943364587714072	0.8854006863227870	1.000000
35.4893247167442141	4.4639121036485720	1.000000
28.5782963384559245	6.2633378619614053	1.000000
29.7573361303938739	5.0056481782772506	1.000000
26.9330502289805622	12.1230673118627905	1.000000
26.2741942097652057	2.3057497959901769	1.000000
-18.2679166849056038	-7.3129643829507378	0.000000
32.4289460920240202	2.2958284807118643	1.000000
24.7414135737059304	12.1767191037099618	1.000000
-13.6227383077036794	-7.4237614652711388	0.000000
27.6473725840670284	8.7944223962326795	1.000000
28.6855450428052912	6.0777164875010392	1.000000
-16.8493140709480933	-3.7614152681351030	0.000000
27.8457575574483940	5.9594582267858822	1.000000
25.5962530226499254	12.7759982347642573	1.000000
31.6419942805831695	5.0665469333820710	1.000000
28.7065671257212038	7.9129541328168562	1.000000
25.7006429679075197	3.4653591917115398	1.000000
24.4805730743699925	7.1609727588086054	1.000000
25.8646565664277368	14.7733698126986077	1.000000
26.9789466856730833	-0.3741789743555843	1.000000
23.7708956073743174	14.1485738143133961	1.000000
24.8462185293827709	8.2681535788245348	1.000000
-20.2816336119122518	-4.0297132007784393	0.000000
26.6780538366686386	5.2316585910601612	1.000000
28.8421151009749970	5.9541938691003207	1.000000
-16.8539597259957645	-2.5153053268505743	0.000000
25.7992341478035918	14.5827040007460358	1.000000
28.4166147147582429	9.8757355296536851	1.000000
29.7368590646728030	5.0442630157479620	1.000000
24.4696513908633655	7.8145592074792027	1.000000
25.8847057405534677	3.5214284291025870	1.000000
-18.5564997852236147	0.8261926541020229	0.000000
-17.3344623113375746	0.1020149328603552	0.000000
-19.7152775684324943	-5.8272415711434054	0.000000
30.2559389550444742	5.3033629258836701	1.000000
30.5233647582251173	6.7688026801623540	1.000000
27.3479429543181354	0.4083316490831224	1.000000
-17.8211649477909866	-4.9731009225440319	0.000000
28.6209014952429222	1.4426806778532573	1.000000
25.8970500684469513	3.1736088880186410	1.000000
26.9040241304301126	11.7690951104790731	1.000000
24.7920790873801238	11.4695689741373883	1.000000
-18.7057415371647657	-1.5092840633800220	0.000000
-20.3501029875659043	-1.1929436017005826	0.000000
-14.4316918856205270	0.5494028691920494	0.000000
-19.2795536045636311	-3.9671492654034384	0.000000
-12.5507316073563064	-3.9862195779920344	0.000000
-15.1492754150562732	-4.9273149052277523	0.000000
-17.0934855878983321	0.2214421523000563	0.000000
-17.0411041424678835	-6.3920008996180302	0.000000
-14.4116454173879323	-3.8500326346384575	0.000000
-20.4002039097829204	-5.9403136752141998	0.000000
-19.6363629944260971	-3.8894306659319984	0.000000
32.2912963588537991	4.4274498467027144	1.000000
-13.6066387628356527	-4.9893532692134661	0.000000
32.5366804467045441	2.4833840355232470	1.000000
24.4454121753162958	13.3340474174782884	1.000000
-16.6981298148562409	-3.1078207181422131	0.000000
27.4709839312963133	12.5678849503565431	1.000000
27.0539316490067598	-2.9937440959794168	1.000000
30.3003564444839064	8.0240651818433264	1.000000
28.2069212244073206	10.2864783546025453	1.000000
-18.9973826767867600	-4.8007134417499522	0.000000
-16.2778929590320161	-0.2771032821325407	0.000000
-12.4632906558642791	-5.7043985710929368	0.000000
-17.2321823081368244	-0.1596623467359256	0.000000
-14.5202688872350869	-6.1313058156685862	0.000000
-19.8414461249146221	-3.5698291530275674	0.000000
-15.5150714263759895	-9.0712214166595029	0.000000
-16.9429675135842501	-7.6297425353198474	0.000000
-21.2861829689058126	-3.3897456775635888	0.000000
-19.8246108624396555	-4.1912388907826701	0.000000
-15.2883702783529962	-9.0088572062499193	0.000000
-13.4898734595432757	-4.3656172118240439	0.000000
-18.1211548928663717	-8.4158525984659942	0.000000
-18.6930629646834987	-7.4153713105013734	0.000000
-19.7209193665141029	-4.4740582438216441	0.000000
-21.2774747630317513	-6.6811165229709975	0.000000
-16.0077126891562713	-4.8116339564963058	0.000000
-17.0334364679954930	-6.4074428124231986	0.000000
-16.5136050784650514	-4.9654284265015791	0.000000
-13.6731344551055489	-2.1381352327487084	0.000000
-19.6495182512662012	-2.6888373537005656	0.000000
-14.3241935262586786	-7.2948734076765094	0.000000
-21.0188657205257492	-2.6425847199177763	0.000000
-20.6122694984879686	-2.9956409976246072	0.000000
-14.3007002377999850	-4.2645996767632797	0.000000
-13.7999834729638753	-6.3470662991051006	0.000000
-19.5599079819112518	-1.5605365241263383	0.000000
-18.4142525381635451	-6.3375203703344880	0.000000
-21.1975787834696199	-6.8402752901589547	0.000000
-21.9822701401499430	-3.6750024213075934	0.000000
-17.9687279211094122	-7.4303677325930382	0.000000
-13.0598655081067871	-4.8350861412818231	0.000000
-17.7953240021006884	-8.5023345426343884	0.000000
-14.6829443710715548	-3.7557244465573318	0.000000
-15.8826728986985035	-8.0082235709787106	0.000000
-18.6731288376737616	-5.6126500201596707	0.000000
-20.8875309282278963	-3.7467069722056014	0.000000
-17.1059495278268727	-2.6492400510919185	0.000000
-16.4288705822152536	-2.3465693171585444	0.000000
-14.5527538586172245	-4.2137919710683462	0.000000
-18.5222818575748747	-3.6173868885043783	0.000000
-13.6533527875472753	-3.6556659486962308	0.000000
-15.8999541007179772	1.0493911261880950	0.000000
-20.8202275143075077	-7.3482045248852321	0.000000
-17.4428059582811699	-3.9858247446085389	0.000000
-14.2907919774907608	-4.9461445352238265	0.000000
-12.1116179849779897	-4.1822097024608125	0.000000
-18.4867031743833188	-5.4599828292262949	0.000000
-20.2860184306807767	-4.3764511155226007	0.000000
-15.9708955886356243	1.0608816007889339	0.000000
-20.7081527748867131	-0.6425352400692116	0.000000
-19.6247164030316270	0.2937576738543839	0.000000
-19.2793063110888809	-2.2827569823058429	0.000000
-17.1731929661747529	-6.7230262679558477	0.000000
-15.2597389243561476	-8.3285022824355366	0.000000
-21.9726163720005871	-4.5342172809548122	0.000000
-16.0662899255481513	-0.1115229256474712	0.000000
-13.1674229781317322	-0.3711125418671529	0.000000
-17.0709423030040774	-8.6042907394737220	0.000000
-13.9651279162279138	-0.5622393866292792	0.000000
-15.3942058960088470	-4.3665053795571094	0.000000
-15.9468658416225129	-3.3184925800646523	0.000000
-17.5332514376759789	-2.6274005213891591	0.000000
-16.3451871846777657	-1.7597095321956941	0.000000
-19.9028324317849972	-1.4723209602863558	0.000000
-17.8654741503487351	-4.9669642038340784	0.000000
-18.9681366903165554	-8.0492712344041326	0.000000
-14.1073528780377710	-1.1279704887621791	0.000000
-16.6271528731679332	-0.9227922865606565	0.000000
-17.3404824301900540	-5.4854546103703301	0.000000
-14.0740890542094270	0.3468472136975157	0.000000
-17.3233633994968343	-6.2548059383927637	0.000000
-19.8607601663814535	-0.6810721478513457	0.000000
-13.9665711145052462	-1.7290024460402742	0.000000
-11.6955487259204229	-4.8241937884633073	0.000000
-18.1290757580042126	-2.0166467645647081	0.000000
-14.3456294701599081	-2.2883762720451237	0.000000
-18.2600632704401455	-0.8485323008140756	0.000000
-17.3641156054889514	0.5011542354954600	0.000000
-19.0915201536094123	-4.9512217814660007	0.000000
-17.4187171099739260	-3.8432030826224004	0.000000
-14.3760532843490871	-8.6343061061908912	0.000000
-17.3018265515925620	-0.7943407863392926	0.000000
-17.6548957786106158	1.0590001135647920	0.000000
-20.9494007894090473	-2.7583549379682029	0.000000
-18.1567388645772247	-5.7804443520376481	0.000000
-15.6160064818927697	-6.5959566461241899	0.000000
-20.0446559640617075	-7.1621864105999062	0.000000
-18.3149179142790253	-4.5844541902614750	0.000000
-20.8564714900279640	-3.9589764483108500	0.000000
-14.3434507891077363	-3.0628317085576424	0.000000
-17.6607362354025312	-5.8353425014868678	0.000000
-19.7093385875966796	-5.4502185600664745	0.000000
-18.8308775227432541	-1.9615608435103069	0.000000
32.3874816607946485	4.2994056029672132	1.000000
24.6309629737536468	13.2895788941472581	1.000000
-16.9673001958773000	-3.2432480577861424	0.000000
29.9960703788143306	7.7642306892090067	1.000000
-16.2105176172178673	-3.5237549855198251	0.000000
31.8034434486358748	5.2944909777228757	1.000000
-17.6158142878816690	-3.0518654143349289	0.000000
-16.5065808477598139	-8.1932177047773109	0.000000
-18.6845289686521099	-8.8833783810606608	0.000000
-12.4636395079872564	-3.0100836141178973	0.000000
-15.7916538787767085	-0.3871631396780360	0.000000
-15.5406374131111580	-7.1516453968347955	0.000000
-19.1866379883471616	-2.7933171712475873	0.000000
-12.2928061505738331	-5.0831324869962602	0.000000
-17.6267153602026525	0.0565831396722016	0.000000
-13.9177531108551698	-3.1074662990232791	0.000000
-14.7040464081572164	-5.0401101664226031	0.000000
-16.8791070696026786	-1.6799661182944094	0.000000
-18.1384871355286776	-6.2009035362246223	0.000000
-15.1175147073505745	-3.1696841489043965	0.000000
-20.8209203572563659	-4.5448394949172055	0.000000
-15.2600175867503456	-1.4500812416564894	0.000000
-20.0336865310166701	-3.5088255453027068	0.000000
-17.6318645765408633	-5.5468431476150295	0.000000
-16.1957259705143741	-3.9066702754630867	0.000000
-13.1777882018043169	-2.1995543722127064	0.000000
-15.6564830844840550	-4.9793757627573525	0.000000
-20.4818798059303013	-5.6056358862544160	0.000000
-19.9121814870136440	-3.1320397703679155	0.000000
-17.2797445273444374	-4.2234014070693533	0.000000
-19.2167778136225991	-3.2331544427807577	0.000000
-17.8973530813805013	-4.1967044455551310	0.000000
-18.9842129854852466	-7.1718242646960517	0.000000
-14.6358365086391125	-3.4085214553070728	0.000000
-15.5874356536487912	-1.3716655511378566	0.000000
-12.3814714877869001	-5.3536259938261264	0.000000
-15.1329246295558058	-7.1590001511396339	0.000000
-14.2977645151695079	-4.4813487597798769	0.000000
-16.1949605923230884	-4.5281695038028440	0.000000
-13.0211337402250482	-2.8231253794182125	0.000000
-18.3565193784518428	-2.8177683582751003	0.000000
-15.3227944544908787	-2.0794161249531715	0.000000
-12.4396015317415163	-4.4558998622014618	0.000000
-19.6793510321441012	-8.3727143281067562	0.000000
-18.0326307320328247	-8.3691234252590725	0.000000
-16.3631607600196745	-7.1571731367137597	0.000000
-14.2121830938374192	-5.6523531509303551	0.000000
-11.6465593879554650	-4.3806960643107669	0.000000
-17.6595842725450964	-8.1094944770455548	0.000000
-15.1039346433401320	-3.9922345733828526	0.000000
-20.6690931724284326	-2.5096104080746682	0.000000
-18.7538208377829285	-4.5621067320891733	0.000000
-13.9384136981828330	-6.5811031596459637	0.000000
-18.4164221018208778	0.8746382660052717	0.000000
-15.5267910589018570	-3.1913349756814045	0.000000
-18.8303178815080230	-4.9899339115563519	0.000000
-14.8355889316029437	-5.5184603224101982	0.000000
-18.0055201288186595	-4.7454768457185699	0.000000
-19.4999181336299579	-6.3507244672989671	0.000000
-17.1522514900302347	-4.0027876329446563	0.000000
-14.4634853553925407	-5.6709840903996183	0.000000
-19.3095853051813933	-6.1298009357348233	0.000000
-13.5104984096075178	-3.8521628536602259	0.000000
-13.3195340503806019	-4.7595411602340354	0.000000
-20.0840547987393059	-4.7157744446527534	0.000000
-15.2659732485130579	-1.7976768238281109	0.000000
-15.7907770570425274	-2.7122807508842408	0.000000
-13.5646209484500133	-5.0596521419598020	0.000000
-19.5966704253118778	-8.4295621134533523	0.000000
-17.9071001967233059	-3.8039639141137327	0.000000
-16.6087868912188128	-3.3010107473646557	0.000000
-12.9911832457740903	-4.5693646238918451	0.000000
-14.9130603044121290	-6.3713419462826808	0.000000
-13.8707199534804921	-6.8131257995367616	0.000000
-18.3800119284640147	-7.7944445611874498	0.000000
-12.9168756196545083	-5.6770343202733820	0.000000
-11.6818834724603526	-3.3873861265520211	0.000000
-19.1036765727109383	0.5942732713466937	0.000000
-15.8058888476627111	-8.5211017143013859	0.000000
-16.1538934059035419	-7.7461011352694680	0.000000
-15.9917785438407432	-5.7520311444244854	0.000000
-14.9617859732888956	-4.6836585397176327	0.000000
-14.2296054404261678	-4.1530181303489098	0.000000
-17.3519037985817448	-4.3818395684766571	0.000000
-16.7199147114177968	-3.1392817203336030	0.000000
-14.7833790620037959	-5.7992879154404076	0.000000
-19.4872516728884264	-0.9864777648112011	0.000000
-15.9670476885166366	-6.4451278228726254	0.000000
-13.7566112498346573	-2.6452141785338230	0.000000
-19.0880410352744292	-1.6814726303554399	0.000000
-20.1617502726923981	-4.9169181719526627	0.000000
-16.5415688506522294	0.5783357223643957	0.000000
-15.0291387668789138	-2.0301312570003773	0.000000
-12.5429799845385350	-2.2019077193242995	0.000000
-13.5993620857331496	-4.7536514407439316	0.000000
-13.0476810824999330	-3.2403901778433615	0.000000
-15.3465636886038297	-0.2638256107917532	0.000000
-15.3790002422342695	-2.4230810200295996	0.000000
-12.6780783560748542	-4.2925365221284491	0.000000
-15.1894339120941293	-5.4234193196725382	0.000000
-13.6460493749458305	-5.4164124654036909	0.000000
-18.5951018767539971	-1.8919788889503109	0.000000
-15.1601609573580891	-8.9679752528013577	0.000000
-20.3163237426445349	-3.3819175522992597	0.000000
-21.0598379065481076	-5.4154628421840201	0.000000
-16.9164758975702121	-0.5912839272435167	0.000000
-17.8397444249325581	-6.0833812680513653	0.000000
-13.9087672812893910	-2.9092971403029875	0.000000
-13.9575494777062392	-5.5868577833990631	0.000000
-17.8513596188755059	-0.3735539948497761	0.000000
-17.3616489676050492	-6.5313350402177424	0.000000
-19.2589113403750609	-5.5929678060017123	0.000000
-15.2759291058770508	-5.0338199764219231	0.000000
-16.5343867333028420	-4.2288479927407066	0.000000
-17.2518252991165788	-3.1548918981697645	0.000000
-17.9811853314755616	-6.5675441465951092	0.000000
-16.1159461860672479	-6.7362214080091336	0.000000
-15.3002347118773159	-5.1134659976772241	0.000000
-16.4667670281924572	-3.3906658497379900	0.000000
-17.5527759115877444	-4.8580305623620346	0.000000
-17.5679074200363061	-7.9684751360250479	0.000000
-20.3922682593782092	-3.1330735656929924	0.000000
-13.8202217864975214	-5.9749313901821521	0.000000
-18.2874121176337923	-9.0170016464440312	0.000000
-16.7330306140851057	-4.3264641898631693	0.000000
-19.2198339361196915	-8.6443790959810549	0.000000
-14.4858169359921138	-4.7415809661318260	0.000000
-13.1563825535974441	-5.1440904254590487	0.000000
-17.5559720467453637	-0.9463363739258304	0.000000
-18.0784169851948953	-3.1317521494890777	0.000000
-21.8671066327046688	-2.8895630197196454	0.000000
-15.2674036065998493	-6.9206104832915045	0.000000
-17.6764947117562023	-1.2831680255012192	0.000000
-17.6613918860803452	-4.6933220480961344	0.000000
-16.8599528785235364	-6.6618147431835384	0.000000
-15.9827370637677433	-0.7249575711746388	0.000000
-19.9913501966789688	-5.6298056449941294	0.000000
-15.0793307771157714	-0.6489974073110277	0.000000
-16.5710700191590306	-1.5791241858464642	0.000000
-15.6256390034863841	-7.4051319967456974	0.000000
-18.9074346972281120	-5.2499100398289675	0.000000
-19.1025662350239429	-4.6321221920629165	0.000000
-16.9682417507539505	-6.1016878172443052	0.000000
-16.8492108383004435	-2.3199605546101023	0.000000
-21.1106883783275592	-4.9664943977713003	0.000000
-19.6746704221045263	-2.0798739475771253	0.000000
-16.4575330639375785	-3.5135913940725860	0.000000
-16.7756987955517118	-6.3740737982210414	0.000000
-20.8108162698708412	-4.3615522163306126	0.000000
-13.1235563131965769	-3.5255618264451436	0.000000
-15.2045128292984426	-5.6615919136471318	0.000000
-12.1151728096304740	-6.2277230445337306	0.000000
-14.9044671905694219	-0.1224967377910397	0.000000
-17.5703454269783492	-4.1641752287785758	0.000000
-14.4338704607296631	-5.2344409657848905	0.000000
-14.5231428999761096	-7.1400284019705431	0.000000
-15.1884473740774641	-1.0111566299464059	0.000000
-13.9648985743556722	-2.3535309539617217	0.000000
-14.4517025654212894	-3.5966840108228393	0.000000
-16.8287463900093712	1.1293866405325306	0.000000
-21.1156696558720185	-1.1612172431671790	0.000000
-18.7870733640077923	-5.2973461181907675	0.000000
-18.3344942650054179	-6.5538737350607867	0.000000
-21.9052433465786898	-5.0478407288637008	0.000000
-15.2638521859543914	-7.3231801171258031	0.000000
-11.6543623101426199	-3.6540858003961416	0.000000
-16.2674874213299425	1.1012251018300909	0.000000
-17.9079142798827213	-4.4370877318252910	0.000000
-14.8930610447639538	-3.6991677810930521	0.000000
-20.2127094173604718	-3.3313111336830405	0.000000
-13.1961226307263662	-7.0460089475309715	0.000000
-11.7014815938621481	-3.2518402660050625	0.000000
-17.5884382826974992	-5.1679514790595231	0.000000
-14.1263079448147835	-5.3012682106780904	0.000000
-19.9569066147311709	-2.7766149346389479	0.000000
-17.8284374607523795	-1.5016398680431526	0.000000
-16.4870799108449582	-6.4696680743511621	0.000000
-14.2150843763104362	-8.5483272432399371	0.000000
-14.8065341553851066	-3.0157479040334123	0.000000
-14.5717328520810430	-4.5028778720219602	0.000000
-16.4314714253584633	-1.9594568575485702	0.000000
-18.5551045312504606	-4.2189363195333822	0.000000
-16.5956583909779525	-2.7492382085044094	0.000000
-18.4103712259469674	-4.9214960457579799	0.000000
-15.4401585404401960	-7.5282781108562560	0.000000
-13.1955379221869329	-2.3061720079182089	0.000000
-13.5419613788709690	-6.4111113128186430	0.000000
-14.5919136295003469	-1.2158989686774966	0.000000
-18.2123677820767540	-5.0465563624254353	0.000000
-16.3656140165146091	-6.2632152817943094	0.000000
-12.9705638480715653	-5.4398486837944882	0.000000
-20.2286136500018223	-6.9095549154885880	0.000000
-16.3276037043497020	-3.0708930181021281	0.000000
-15.1064289008934161	-0.3948685229517979	0.000000
-18.2277091140200866	-0.7337503244366234	0.000000
-15.2366533991251707	-3.0973502125912300	0.000000
-15.1088719210461786	0.8389855333573208	0.000000
-13.9114420064751521	-4.3053705888894847	0.000000
-21.6198110629226576	-5.9818762233846829	0.000000
-16.5575404378750939	-5.6228862177214065	0.000000
-20.5657875261496095	-6.4181646547890798	0.000000
-21.8693159848651462	-5.0669317223877881	0.000000
-14.8721128217386873	-5.1270305817202102	0.000000
-13.4509938718335658	-3.0906346358462637	0.000000
-16.8007189155505365	-7.4538600251446656	0.000000
-13.0938715449857472	-2.8991144743514301	0.000000
-12.6907495582769556	-3.3542806214345657	0.000000
-14.9583645694652976	-7.7001483748966537	0.000000
-12.2944694380435600	-4.1534366985155007	0.000000
-14.2458232889942646	-5.8456117335559750	0.000000
-16.7823798829272874	-5.2379889534222945	0.000000
-15.2328901061337660	-5.6045771322391733	0.000000
-18.6746553348169968	-7.7254902641248373	0.000000
-16.2386474936412775	-1.0156796783400996	0.000000
-17.2294723395011751	-1.8820289871019025	0.000000
-20.6740230463184993	-3.2791772451254140	0.000000
-18.1694806180449362	-7.6553496796707483	0.000000
-14.1501193911307155	-3.0338813940530236	0.000000
-16.8437856316850798	-3.3991576309580864	0.000000
-16.6901322492674424	-8.5954643171151375	0.000000
-14.0058413523895631	-8.4288844817014521	0.000000
-16.8313877455693621	-9.2369155253318418	0.000000
-21.0051359534008952	-2.2892288749517151	0.000000
-14.7952146540531970	-6.9593041539467846	0.000000
-17.4158475711721081	-6.7441473877670060	0.000000
-16.4320452298688942	-2.5064515957393834	0.000000
-17.3452040464929631	-0.5819663865120959	0.000000
-17.1471544659001154	-1.0094459746258941	0.000000
-14.7510936001084669	-4.5249852120272438	0.000000
-18.5806761471064092	-3.8979775153763665	0.000000
-17.5558411539608592	-5.7319846009710300	0.000000
-13.4608392914972388	-8.0009634545114050	0.000000
-21.0544636068063333	-5.7779107171041293	0.000000
-21.9313704836858072	-3.2197236928451751	0.000000
32.6515966223051208	3.7273593284945337	1.000000
-19.5194817843397423	-5.5717399259155744	0.000000
27.0280932309466522	-3.0081484560328833	1.000000
-17.0470830156496298	-1.5861466950324432	0.000000
-16.0882416464572628	0.1473077022003909	0.000000
-14.2288106248967114	-3.3378673613330250	0.000000
-17.7548174453225016	-6.3830621605264302	0.000000
-12.9617052331676668	-0.5873980309953872	0.000000
-17.7974407205650245	-2.1844999071862179	0.000000
-13.3192017824432032	-1.8308679511302925	0.000000
-15.7542108290486702	-7.7038597091995928	0.000000
-17.1118448532160201	-3.0851289405351681	0.000000
-15.6968540220045494	-1.0100639271227045	0.000000
-12.0535569264812032	-6.0884981843583059	0.000000
-21.9733615861088687	-4.5258148148963686	0.000000
-21.9949544589242834	-4.1656317737156003	0.000000
-17.1654140048723605	-3.3621371451712720	0.000000
-19.6806780143320807	-6.7052902875775606	0.000000
-19.7851812269004590	-5.0870059948446711	0.000000
-19.5380132321069908	-1.1920859296319162	0.000000
-16.2342438228936068	-1.3387515509391295	0.000000
-19.3029257170929682	0.4850818911574802	0.000000
-20.6443858489943075	-7.5431747842874532	0.000000
-13.2254803382221517	-3.4268476660134071	0.000000
-17.5176618304564080	-7.4559201336549723	0.000000
-15.1722165071866755	-3.9734032271847979	0.000000
-21.0159147075879496	-7.1285326575038592	0.000000
-14.7883007043471881	-7.5397403294118357	0.000000
-13.7443426646375162	-6.0377042172653059	0.000000
-15.7032482136430414	0.4564880170056458	0.000000
-18.8333604396860359	-2.5630081405367129	0.000000
-14.2101421202038338	-2.7283515543501515	0.000000
-16.8921293504720396	-1.5017637630539549	0.000000
-15.3271553093006219	-0.7853564964584873	0.000000
-14.4764690534218232	-1.4590743027110673	0.000000
-13.9269609841175761	-4.8318195529742862	0.000000
-17.7929658004999425	-3.7643547583888393	0.000000
-14.8788853409500774	-1.1417378050874709	0.000000
-18.1857959300124783	-1.6076339149069763	0.000000
-17.9128935490415984	-3.5487743326344887	0.000000
-18.9389894413523301	-0.5693674279433227	0.000000
-14.0193516387231067	-6.0236933204918426	0.000000
-19.2419290428052676	-4.5648692986381993	0.000000
-18.7149228232642457	-3.2880529982286086	0.000000
-18.8197771079594816	-3.5997986879731196	0.000000
-15.4364940430812307	-1.1579886924573142	0.000000
-17.1513177254838531	-7.8274504415499626	0.000000
-11.8338598209116146	-2.5996907884899261	0.000000
-19.8545269252226255	-2.5708778240348344	0.000000
-16.5724622234440027	-3.7414040373240964	0.000000
-17.7363631385686062	-1.6296308556456225	0.000000
-21.6184355065286908	-2.1327429082489653	0.000000
-13.9874428811243838	-7.6651183766457152	0.000000
-19.9409742641354804	-2.9719954724505788	0.000000
-12.3911790879201771	-6.7506974344041515	0.000000
-17.2052519718902737	-5.4016091464316442	0.000000
-12.8167347610516771	-1.8930383637719514	0.000000
-15.9828044536075122	-2.9423221475948993	0.000000
-15.2717709558161907	-4.4531102818625046	0.000000
-18.3095386740638411	-1.6661506834348061	0.000000
-16.0669900596803821	-5.5279411561876381	0.000000
-20.0249557757584249	-3.9475708592831178	0.000000
-15.3209848668141575	-6.1006980874088637	0.000000
-15.0366196265995100	-6.0426591565676393	0.000000
-21.6500921070197307	-5.9066454980754832	0.000000
-19.0263243138862883	-7.5498735302833984	0.000000
-16.6403919462497463	-4.9122447491023529	0.000000
-17.4442065597657070	-7.6439807331307756	0.000000
-12.1616620365367769	-3.7169406561069920	0.000000
-18.6694350724056370	-0.7808497940584685	0.000000
-18.4205895106431221	-2.0463092943991388	0.000000
-16.9768929920845686	-2.8919958825648542	0.000000
-16.8222850241219710	-8.0199675638103933	0.000000
-18.6091320406964904	-4.6552464195646950	0.000000
-16.4076919186228700	-7.9908197010536473	0.000000
-17.9198936003321307	-1.1148918337162570	0.000000
-18.9228099880883143	0.6792633134495549	0.000000
-18.7865278933328348	-5.9528112462039635	0.000000
-18.6792328369123837	-6.7517134798530405	0.000000
-19.8736185699772143	-6.5395836240214722	0.000000
-19.2755988572495660	-2.5507804627902644	0.000000
-12.6313998670063086	-5.1687491492551176	0.000000
-21.3402515634505257	-3.9793094524286912	0.000000
-13.3763771915088565	-2.7218967764104307	0.000000
-14.4541659168574874	-2.6605949567955269	0.000000
-20.4025387172451218	-7.7931899785588747	0.000000
-19.7480991084069046	-3.3077354538154333	0.000000
-12.9974424752616979	-1.2803014335939287	0.000000
-21.8298292277591308	-2.8009146283485373	0.000000
-21.2773783988267695	-3.1184576014388030	0.000000
-18.3015516182139564	-6.0224007180975532	0.000000
-18.1760992368457046	-3.6003004308067417	0.000000
-21.9675928339447282	-3.5436576011519447	0.000000
-18.4804152850134962	-1.4907734322894088	0.000000
-18.7002921573918890	-4.7758307572023933	0.000000
-15.4107021988046462	-2.2015071111502187	0.000000
-17.7896262555648370	-4.1421142164932405	0.000000
-19.3391718948315621	-5.3679547619364030	0.000000
-14.9259419009231884	-3.3916906168237206	0.000000
-17.7008344554955670	-6.4922472257243147	0.000000
-18.5512451763111983	-0.4223292465429324	0.000000
-15.7653572052102913	0.0656504585055221	0.000000
-16.6394194678307592	-7.1949497313682080	0.000000
-16.2498106445645760	-8.5924162242074864	0.000000
-17.0203131426151977	-1.0074561415152499	0.000000
-14.6248982373681446	-4.0213664570460965	0.000000
-18.3586561020918282	-3.4595201128002913	0.000000
-16.7278423620955934	-2.7612965109924814	0.000000
-17.7493026236860558	-5.6984693427405571	0.000000
-16.0653474900634272	-5.8901199204838948	0.000000
-15.9502032207585049	-3.4388658740242906	0.000000
-12.2695732366170205	-2.7379511528837894	0.000000
-18.0891802344417130	-5.0820995067205761	0.000000
-12.4951197652929249	-1.1887778091054131	0.000000
-19.5173526101612893	-2.5495907662225270	0.000000
-15.7550111239215553	-4.4014720953939870	0.000000
-18.8593429538989881	-2.9360515064989157	0.000000
-13.2948462512760539	-0.9314083322512987	0.000000
-20.5276676180042017	-5.6300360891632186	0.000000
-15.0389875036995608	-7.9081373999772646	0.000000
-19.5177226183555881	-1.8225027016624196	0.000000
-20.8435188783293270	-3.4856568325009838	0.000000
-18.8454919866261186	-4.2841504996202033	0.000000
-21.9958161942407457	-4.1324242237471012	0.000000
-15.1697819180223341	-6.5953721609414435	0.000000
-20.6513734979650110	-4.7797577261562569	0.000000
-14.2902169128112853	-6.0600125883268996	0.000000
-11.7889008673112947	-2.8055128460944232	0.000000
-15.1070596884371984	0.2597970065069706	0.000000
-20.0316712307061735	-1.7628452501340259	0.000000
-18.8516044678857675	-5.6681073620927451	0.000000
-18.4020463832946284	-3.9683307101150125	0.000000
-15.9182048867359569	-5.5153963293873369	0.000000
-21.2795361356077777	-4.8752438155596804	0.000000
-15.7552331114821786	-5.1343708178057250	0.000000
-18.4203726452282481	-2.9852707666959848	0.000000
-15.9612305188021928	-1.9957278514454095	0.000000
-17.5055454343025154	-5.0670525391982100	0.000000
-13.6371369475251925	-3.4028334083306326	0.000000
-11.6843101680728303	-4.7511702996767946	0.000000
-20.5413595859025691	-2.0767447207574325	0.000000
-14.8159582857199332	-0.4458108870595942	0.000000
-11.7441026099006152	-3.0055821381765369	0.000000
-21.7377944243719874	-5.6740057719937464	0.000000
-18.9390698899141512	-6.1222086956004897	0.000000
-18.3198376644584187	-3.9489162337990606	0.000000
-12.9007418626588652	-3.9510332200526377	0.000000
-17.8469989522869241	-0.7775130051313225	0.000000
-16.4466694304046648	-7.3855019374326893	0.000000
-17.1931293200748065	-8.5908736366062239	0.000000
-13.9280491872631629	-4.5241081827952456	0.000000
-14.4089127102882095	-3.1160500419194266	0.000000
-19.4152879493087767	-0.3410629082529598	0.000000
-15.3859465530497257	0.3608174627626878	0.000000
-20.1978021497436906	-5.9989401422693867	0.000000
-13.4982582758338516	-5.7033068400065847	0.000000
-19.0130523233709603	-5.5569852195879772	0.000000
-11.8187126613819444	-5.3993432051581474	0.000000
-19.2775591418769103	-0.9482950782689823	0.000000
-16.1681216990779681	-6.1635782850263956	0.000000
-17.1507247384468613	-7.3037336186042294	0.000000
-18.6537101729156447	-6.3864015713124473	0.000000
-15.3531474944855297	-7.9735635735990309	0.000000
-20.1228491819640176	-0.9182752979173767	0.000000
-17.1903704487410138	-5.0733209322941661	0.000000
-16.5345412521409543	-1.3418636543243061	0.000000
-14.9238519983479385	-0.8169159091581460	0.000000
-18.9455034000130560	-3.8264583910337322	0.000000
-17.1076903244666312	-6.9248143574433705	0.000000
-20.2382689215078706	-5.1744303606801374	0.000000
-19.4038151841259676	0.4284846729414923	0.000000
-16.9319264901668589	-6.9160660570542198	0.000000
-16.0234358427363830	-8.5674385830699933	0.000000
-16.2196150180452321	-7.5857053687184663	0.000000
-15.1575257299353918	-1.8150341951332447	0.000000
-15.5853018457646435	-5.3982423122993630	0.000000
-19.5414133938173151	-1.8552118406467741	0.000000
-14.7163872525170252	-4.2143465794881951	0.000000
-12.2515226716807497	-3.1512127435029424	0.000000
-15.9971186702943236	-4.4673615370065063	0.000000
-15.8373573627746982	-3.7765828094667091	0.000000
-15.3943859209808362	-3.9468427649384399	0.000000
-17.9102739258459032	-9.1185196067544219	0.000000
-12.6637423913441083	-2.7997821933612177	0.000000
-21.1660776370827968	-5.4026289210636875	0.000000
-21.3273124631237359	-4.2968953553953533	0.000000
-17.1106632678904020	-2.3443096343993775	0.000000
-19.7516654196301253	-7.5686414166320519	0.000000
-13.7362106908048283	-5.6290952825851193	0.000000
-16.2203097216477303	-8.1607541106557466	0.000000
-18.0244484954142372	-3.3487889625375211	0.000000
-15.8438553342073973	-6.3163021291413841	0.000000
-14.5363678039747555	-0.0401823082759443	0.000000
-16.2019669776041297	-4.3186072027823732	0.000000
-15.1019676128940308	-2.4121467848877232	0.000000
-18.0804010941986242	-3.9063213566481294	0.000000
-14.0494889132178820	-7.2295553647611079	0.000000
-15.4694516791461520	-1.6065886173964334	0.000000
-15.9976588024897772	-0.6739475272703803	0.000000
-19.1725039893162723	-3.1858819759874293	0.000000
-21.2919223980473227	-1.4512445196941792	0.000000
-13.9598651268219669	-3.8396005436768279	0.000000
-15.7127580021928548	-2.3768085098286211	0.000000
-13.3793731281935333	-3.8322293301014474	0.000000
-13.8932894931828077	-2.0249126413965985	0.000000
-15.9726747918778536	-4.7379390351254376	0.000000
-21.0029338049621508	-3.0863293854719540	0.000000
-16.5653316444911738	-5.4473019968162042	0.000000
-12.6099996802841510	-4.7381788178002839	0.000000
-12.8836901732431102	-5.1712681598701211	0.000000
-17.7873556734266991	-3.8812164653560868	0.000000
-16.4272117131316193	-9.2232613743349052	0.000000
-14.5721931665418438	-0.4178793592245695	0.000000
-13.1476345154936514	-4.0918264051647437	0.000000
-18.5444130081536755	-8.2074219834807653	0.000000
-13.4624801162018493	-2.2057169875543634	0.000000
-16.5262513536867850	-6.7102595872141970	0.000000
-15.8060196623127283	-3.0823742739261144	0.000000
-18.1216177163839944	-7.0398734845559634	0.000000
-17.5098784923097703	-4.5860009059797164	0.000000
-18.9029073194364656	-8.0778587173639860	0.000000
-17.7050393011464102	-2.7461895668665690	0.000000
-15.1792191328736710	-6.2719681909853673	0.000000
-12.7530603552946875	-3.7923694655101237	0.000000
-14.7853668127359317	-5.7942492554549725	0.000000
-19.6160903114606775	-0.4535067816923160	0.000000
-13.3784557119022320	-6.8341574933589611	0.000000
-14.5880871643848717	-6.0488116558195415	0.000000
-12.2695185796052453	-4.8512112891344694	0.000000
-17.0144962657056062	-7.2252983020460446	0.000000
-13.3494484361825290	-4.5914382658855626	0.000000
-14.5325903286930096	-8.7125584958218223	0.000000
-20.7036441928700086	-4.8548029934775174	0.000000
-18.7046642949535169	-2.1283115332061056	0.000000
-16.7302133042045327	-1.9167010499119932	0.000000
-19.6853148163691500	-1.2730449745745691	0.000000
-18.1237297834173852	-7.9308396172297932	0.000000
-16.4910477517389680	-5.3124617038266031	0.000000
-16.0446191441022208	-9.1807624172480224	0.000000
-19.2845445243458045	-4.4498989525276444	0.000000
-14.4674028573346742	-7.6260380437939936	0.000000
-13.3141244949780386	-5.4637831576346771	0.000000
-19.1756147858337300	-7.9068034699765191	0.000000
-20.6729299162648879	-3.5977659130344786	0.000000
-19.0074839234204802	-0.8715616332193522	0.000000
-13.9135647850729907	-4.6396683545918522	0.000000
-11.9016555885248607	-2.4101520739010365	0.000000
-14.9403941647960359	-5.4506696644524784	0.000000
-16.6735193773095318	0.2773471580330069	0.000000
-21.9944844592974462	-3.8604275164968582	0.000000
-17.1771695021954613	-8.0746665630350094	0.000000
-17.9204032943920097	0.3791294413235878	0.000000
-14.2745711386497920	-6.8417594179270180	0.000000
-13.9019522811617016	-1.1350905183438980	0.000000
-15.5024160532056872	-3.0049320240950030	0.000000
-14.6574693283503237	-2.2899210258255560	0.000000
-20.0748049276419387	-2.0095853016319851	0.000000
-12.0286339747077555	-2.0894224177857974	0.000000
-15.6442176544474592	0.2003987130922162	0.000000
-14.3167551571653782	-5.4775546394188881	0.000000
-18.6212178682325558	-8.2323386646846224	0.000000
-16.7059631660930243	-6.7602115197917882	0.000000
-17.3263476024363570	-1.7055274064177413	0.000000
-19.9180890987280961	-5.7173828640619266	0.000000
-14.4721653622390303	-0.7493781309908202	0.000000
-17.1599667299131902	-2.4648872299954676	0.000000
-21.7936340087115816	-5.4997148888823402	0.000000
-18.6896745487812481	-3.7439105790584337	0.000000
-18.4917117863497538	-7.1393365989287316	0.000000
-14.3301310520232352	-3.8257757739348892	0.000000
-17.5763180710064439	-2.0844278965717797	0.000000
-16.6400245752489369	-4.5959418100218601	0.000000
-13.4341936726094637	-2.6185596585559408	0.000000
-19.8804004528787992	-8.2361464153866191	0.000000
-19.6384212624882259	-6.1568401163735791	0.000000
-16.4282602699121902	-6.8932561843699478	0.000000
-15.6167363926827907	-4.8520973603972735	0.000000
-16.8166928489687351	-8.1455514623400678	0.000000
-17.4799798810491680	-9.1921251150350578	0.000000
-16.4288228310550224	1.1134253982356288	0.000000
-18.8559835122139319	-2.7209062437333653	0.000000
-20.9288362527732978	-5.6890375932292825	0.000000
-19.3650265655753699	-2.8218479952176785	0.000000
-16.2347612004788822	-4.9969105147988184	0.000000
-19.3464560028662973	-3.9039814220052786	0.000000
-18.0553047270452005	-2.7072453564676224	0.000000
-16.5898935915695951	-7.7528805153691440	0.000000
-17.5478169957634265	-0.7294609302198942	0.000000
-21.6928919565184160	-2.3137435098766774	0.000000
-20.3856354018813875	-0.3009442283477397	0.000000
-14.7717270693916554	0.7090964573973316	0.000000
-15.7746831829479728	-4.0565097887574471	0.000000
-15.2807106176673368	-5.8711719073442019	0.000000
-19.4098116191176047	-7.5047634345735155	0.000000
-18.5168924345696020	-4.3396943186502615	0.000000
-11.7367622881627938	-5.0768208871045735	0.000000
-17.0570878131785157	-3.7577087124635558	0.000000
-16.2014781641500711	-4.7293639641789200	0.000000
-18.7470164146564464	-6.5681008009197521	0.000000
-12.7188750470186740	-2.5273640973188036	0.000000
-13.8360441098933808	-5.3142941282339216	0.000000
-15.5770273323513138	-3.3696404174555279	0.000000
-21.2310240840762070	-5.1584444488899255	0.000000
-15.7896339410859259	-7.1070718895055327	0.000000
-18.6753945443139209	-1.6700154840830270	0.000000
-15.7010381340903464	-6.2365627014203984	0.000000
-18.3270442742319339	-0.4970488396072849	0.000000
-19.5498801118745220	-7.7083518321594902	0.000000
-15.0039381001939418	-7.3842531460382093	0.000000
-14.2363062005397989	-0.8530913343864692	0.000000
-20.0464637167640589	-1.1890997313729748	0.000000
-19.4889509693623673	-3.1916702062493560	0.000000
-19.1346542488515823	-0.1604117537846502	0.000000
-18.1487259101188236	0.9527091704691389	0.000000
-19.9746009053894191	-5.1726657978971904	0.000000
-19.2476587779258814	-1.4728022503163545	0.000000
-19.4227856480172996	-2.9158758476218063	0.000000
-17.5746559407201559	-9.1796496533219312	0.000000
-16.2581313479991394	-5.7223450469050778	0.000000
-20.2766312954613142	-4.8202693930132208	0.000000
-20.9097533417809593	-0.8819462449570016	0.000000
-21.1568436011913619	-2.4916394591842335	0.000000
-17.8430827700459496	-3.0171258249313957	0.000000
-12.6478812287637350	-6.0434498391758780	0.000000
-21.5185344684876370	-6.2514070701011297	0.000000
-20.0813674631275703	-5.4166345862398053	0.000000
-14.9632419944891737	-4.1051681933674979	0.000000
-19.6543476399450157	-0.6203548118683846	0.000000
-17.2867590637109387	-3.6319864581613506	0.000000
-13.0721271596321582	-7.6401840530550151	0.000000
-15.7094793368848613	-6.7451454942573621	0.000000
-15.3244184503564327	-4.2878679423103963	0.000000
-16.0346050803676512	-2.0028864943010150	0.000000
-20.4901744682481599	-4.4980631995058458	0.000000
-11.8050490322363988	-5.3686059412753906	0.000000
-19.7849817433298192	-4.5915249204223345	0.000000
-15.6074107083027407	-3.3207560839056804	0.000000
-13.6286153336031770	-6.6605514931059968	0.000000
-14.9842921053105247	-2.2108101854791924	0.000000
-14.0799870969926175	-0.1898679046879499	0.000000
-14.1044747257058116	-4.9663372477532981	0.000000
-15.8950078926041076	-2.3534725526316094	0.000000
-16.9308155299897827	-4.3085710836914091	0.000000
-13.6463640933353325	-3.3666593974829055	0.000000
-16.8599491128384180	0.5705168565033711	0.000000
-13.5853085867751151	0.0018346038341546	0.000000
-17.2251834002878930	-5.3800766847648251	0.000000
-16.8473027430190641	-5.9319575981227812	0.000000
-15.1884900563426370	0.8652357403258233	0.000000
-19.9065757517678712	0.1008193043462941	0.000000
-20.6551686570537782	-5.2110518053998156	0.000000
-11.9571950882247737	-5.8461229382212521	0.000000
-14.1251421277026150	-1.9782519084442494	0.000000
-19.6547626454161346	-3.1410745181756461	0.000000
-14.9839784654729886	-8.3070198044089114	0.000000
-18.7589638438309336	-0.4941967341968331	0.000000
-21.7697620683133337	-2.6826320094883824	0.000000
-17.5512477462163936	-5.2363013953470370	0.000000
-19.3761907948486574	-5.1429496576716991	0.000000
-15.4923831962493193	-0.7221879737760603	0.000000
-19.5629502110280526	-4.8376778162207605	0.000000
-17.8506379729197349	-5.3321583207835035	0.000000
-19.7899329061542488	-7.3089515319162102	0.000000
-20.0432331585330665	-2.3815504714759608	0.000000
-15.1304015145912416	-3.6156567591261242	0.000000
-21.3401107670953571	-6.5852262716312637	0.000000
-13.1664787681412587	-3.7446571936953594	0.000000
-16.9211323398855669	-0.7176187213550475	0.000000
-17.8694304333980654	-0.6826079381516076	0.000000
-20.2608343482006923	-7.0572578469282297	0.000000
-17.5379522534535468	-4.3012730901412084	0.000000
-20.6343164557743144	-7.5538450574210501	0.000000
-21.4952642022229483	-1.8262126555618388	0.000000
-15.8992667098029425	-2.8841870864026329	0.000000
-12.4837437609619499	-2.4462262638685486	0.000000
29.1708614615636286	4.9441195742178374	1.000000
-18.9015521651566694	-0.0134497752582574	0.000000
33.9709868840211371	1.7978068392956004	1.000000
28.2081558291083745	13.5142572741465212	1.000000
28.4877369814750310	4.5519374062643241	1.000000
-15.5402367150835339	-1.9450299453615132	0.000000
25.6865328306989653	7.5123616359120158	1.000000
25.6441704386199909	7.7140742255328716	1.000000
33.6060876056046993	1.0654681636951835	1.000000
-18.1322527984318853	-1.3186294018181810	0.000000
-18.8844257419705315	-4.3861736774336304	0.000000
27.5038237625328961	14.7445589012715264	1.000000
-16.4014803428282256	0.2766010337058509	0.000000
30.3483482288976170	5.0275366599632587	1.000000
31.8573452095468070	2.3819598658524050	1.000000
32.4683362286115909	2.7040818196821461	1.000000
27.5696908322958016	8.9173711704414984	1.000000
24.2717771264355555	9.4084868877617183	1.000000
27.0185624972127734	-0.5188954850908264	1.000000
35.5522219320185542	4.4375518538736056	1.000000
31.8971367132760939	4.8097786047299085	1.000000
32.9511128151987265	3.6851719171861115	1.000000
-16.9570469605598007	-1.2915303905746187	0.000000
26.2581134792656030	13.9000685272503031	1.000000
36.2466766219193843	4.9594050521104611	1.000000
-20.8069128064017050	-6.2474050770555953	0.000000
34.1679111899175965	3.0054225475214258	1.000000
-18.0357095139724137	-2.9044686459157734	0.000000
35.2968632814209400	4.2565853989099427	1.000000
24.1339973635666603	13.8714197834301203	1.000000
28.8523023597978678	10.6324856643552330	1.000000
24.5246841908727333	8.3345401981784164	1.000000
27.1225209923987833	-1.8347221658700799	1.000000
33.2485410949556552	1.3284225594132983	1.000000
28.2783955097297266	9.1292354156998616	1.000000
31.7779712631921072	5.2193045663514086	1.000000
28.6753951082736265	12.1132851866919644	1.000000
27.9331897907688464	14.7380966096414561	1.000000
26.5045386015957867	15.2238437174741588	1.000000
28.3163789393585681	14.6443574639130478	1.000000
32.0475920823094000	4.9894699245986400	1.000000
-13.5175404391913183	-0.8468269633076788	0.000000
29.7603074947675914	8.6592511693814931	1.000000
32.3918446558417372	4.1822411585694521	1.000000
34.5830364173258786	4.0128730789259750	1.000000
32.7751903958443904	3.4626356709316628	1.000000
-17.5693961633667222	-3.5912016930086414	0.000000
34.0804400569149166	3.1077772514508504	1.000000
-17.1832368896191383	-7.6010855347451711	0.000000
28.0522734933672204	14.1032707379994910	1.000000
33.7987148190995228	1.5250273869212132	1.000000
32.4895309359416515	3.7394763449629003	1.000000
30.5947604136425753	8.6378902563401176	1.000000
32.5885054370409222	3.8843788585735686	1.000000
29.7963701248648789	5.0666449978642518	1.000000
34.0748030164200486	0.2201148560208639	1.000000
35.5139882796192623	4.4608653448311477	1.000000
32.3702552541986250	4.3287896887887314	1.000000
33.7809636910280133	0.4501716903536983	1.000000
-13.3132187312565016	-5.2173016894497755	0.000000
28.8286709642632815	6.3025821457145490	1.000000
-12.9976734605167952	-2.4884228275332352	0.000000
26.4267821010069532	13.4457607963254802	1.000000
32.5169216883340937	3.8236584564179710	1.000000
29.9449398475146573	10.4072616270608709	1.000000
-18.5673278433067708	-3.0507538531837359	0.000000
28.2507700749937101	12.9388761555923306	1.000000
-15.1403045576368118	-6.7069450558524730	0.000000
26.8479061102246312	15.0996257839339680	1.000000
26.7160070362822921	9.8833439027088019	1.000000
34.0378151770284418	0.3247017362832820	1.000000
31.8490420503092651	3.3156924413736442	1.000000
-15.6894693656741477	-1.6886086859420506	0.000000
24.1341977841448987	9.7278460714652351	1.000000
-15.8689705745258181	-1.5781671891655102	0.000000
